scenario_id,group,w_idx,p_idx,k_idx
0,out_of_sample,0,0,0
1,out_of_sample,0,0,1
2,out_of_sample,0,0,2
3,out_of_sample,0,0,3
4,out_of_sample,0,0,4
5,out_of_sample,0,1,0
6,out_of_sample,0,1,1
7,out_of_sample,0,1,2
8,out_of_sample,0,1,3
9,out_of_sample,0,1,4
10,out_of_sample,0,2,0
11,out_of_sample,0,2,1
12,out_of_sample,0,2,2
13,out_of_sample,0,2,3
14,out_of_sample,0,2,4
15,out_of_sample,0,3,0
16,out_of_sample,0,3,1
17,out_of_sample,0,3,2
18,out_of_sample,0,3,3
19,out_of_sample,0,3,4
20,out_of_sample,0,4,0
21,out_of_sample,0,4,1
22,in_sample,0,4,2
23,out_of_sample,0,4,3
24,out_of_sample,0,4,4
25,out_of_sample,0,5,0
26,out_of_sample,0,5,1
27,out_of_sample,0,5,2
28,out_of_sample,0,5,3
29,out_of_sample,0,5,4
30,out_of_sample,0,6,0
31,out_of_sample,0,6,1
32,out_of_sample,0,6,2
33,out_of_sample,0,6,3
34,out_of_sample,0,6,4
35,out_of_sample,0,7,0
36,out_of_sample,0,7,1
37,out_of_sample,0,7,2
38,out_of_sample,0,7,3
39,out_of_sample,0,7,4
40,out_of_sample,0,8,0
41,out_of_sample,0,8,1
42,out_of_sample,0,8,2
43,out_of_sample,0,8,3
44,out_of_sample,0,8,4
45,out_of_sample,0,9,0
46,out_of_sample,0,9,1
47,out_of_sample,0,9,2
48,out_of_sample,0,9,3
49,out_of_sample,0,9,4
50,out_of_sample,0,10,0
51,out_of_sample,0,10,1
52,out_of_sample,0,10,2
53,out_of_sample,0,10,3
54,out_of_sample,0,10,4
55,out_of_sample,0,11,0
56,out_of_sample,0,11,1
57,out_of_sample,0,11,2
58,out_of_sample,0,11,3
59,out_of_sample,0,11,4
60,out_of_sample,0,12,0
61,out_of_sample,0,12,1
62,out_of_sample,0,12,2
63,out_of_sample,0,12,3
64,out_of_sample,0,12,4
65,out_of_sample,0,13,0
66,out_of_sample,0,13,1
67,out_of_sample,0,13,2
68,out_of_sample,0,13,3
69,out_of_sample,0,13,4
70,out_of_sample,0,14,0
71,out_of_sample,0,14,1
72,out_of_sample,0,14,2
73,out_of_sample,0,14,3
74,out_of_sample,0,14,4
75,out_of_sample,0,15,0
76,out_of_sample,0,15,1
77,out_of_sample,0,15,2
78,out_of_sample,0,15,3
79,out_of_sample,0,15,4
80,out_of_sample,0,16,0
81,out_of_sample,0,16,1
82,out_of_sample,0,16,2
83,out_of_sample,0,16,3
84,out_of_sample,0,16,4
85,out_of_sample,0,17,0
86,out_of_sample,0,17,1
87,out_of_sample,0,17,2
88,out_of_sample,0,17,3
89,out_of_sample,0,17,4
90,out_of_sample,0,18,0
91,out_of_sample,0,18,1
92,out_of_sample,0,18,2
93,out_of_sample,0,18,3
94,out_of_sample,0,18,4
95,out_of_sample,0,19,0
96,out_of_sample,0,19,1
97,out_of_sample,0,19,2
98,out_of_sample,0,19,3
99,out_of_sample,0,19,4
100,out_of_sample,0,20,0
101,out_of_sample,0,20,1
102,out_of_sample,0,20,2
103,out_of_sample,0,20,3
104,out_of_sample,0,20,4
105,out_of_sample,0,21,0
106,out_of_sample,0,21,1
107,out_of_sample,0,21,2
108,out_of_sample,0,21,3
109,out_of_sample,0,21,4
110,out_of_sample,0,22,0
111,out_of_sample,0,22,1
112,out_of_sample,0,22,2
113,out_of_sample,0,22,3
114,out_of_sample,0,22,4
115,out_of_sample,0,23,0
116,in_sample,0,23,1
117,out_of_sample,0,23,2
118,out_of_sample,0,23,3
119,out_of_sample,0,23,4
120,out_of_sample,0,24,0
121,out_of_sample,0,24,1
122,out_of_sample,0,24,2
123,out_of_sample,0,24,3
124,out_of_sample,0,24,4
125,out_of_sample,1,0,0
126,out_of_sample,1,0,1
127,out_of_sample,1,0,2
128,out_of_sample,1,0,3
129,out_of_sample,1,0,4
130,out_of_sample,1,1,0
131,out_of_sample,1,1,1
132,out_of_sample,1,1,2
133,in_sample,1,1,3
134,out_of_sample,1,1,4
135,out_of_sample,1,2,0
136,out_of_sample,1,2,1
137,out_of_sample,1,2,2
138,out_of_sample,1,2,3
139,out_of_sample,1,2,4
140,out_of_sample,1,3,0
141,out_of_sample,1,3,1
142,out_of_sample,1,3,2
143,out_of_sample,1,3,3
144,out_of_sample,1,3,4
145,out_of_sample,1,4,0
146,out_of_sample,1,4,1
147,out_of_sample,1,4,2
148,out_of_sample,1,4,3
149,out_of_sample,1,4,4
150,out_of_sample,1,5,0
151,out_of_sample,1,5,1
152,out_of_sample,1,5,2
153,out_of_sample,1,5,3
154,out_of_sample,1,5,4
155,out_of_sample,1,6,0
156,out_of_sample,1,6,1
157,out_of_sample,1,6,2
158,out_of_sample,1,6,3
159,out_of_sample,1,6,4
160,out_of_sample,1,7,0
161,out_of_sample,1,7,1
162,out_of_sample,1,7,2
163,out_of_sample,1,7,3
164,out_of_sample,1,7,4
165,out_of_sample,1,8,0
166,out_of_sample,1,8,1
167,out_of_sample,1,8,2
168,out_of_sample,1,8,3
169,out_of_sample,1,8,4
170,out_of_sample,1,9,0
171,out_of_sample,1,9,1
172,out_of_sample,1,9,2
173,out_of_sample,1,9,3
174,out_of_sample,1,9,4
175,out_of_sample,1,10,0
176,out_of_sample,1,10,1
177,out_of_sample,1,10,2
178,out_of_sample,1,10,3
179,out_of_sample,1,10,4
180,out_of_sample,1,11,0
181,out_of_sample,1,11,1
182,out_of_sample,1,11,2
183,out_of_sample,1,11,3
184,out_of_sample,1,11,4
185,out_of_sample,1,12,0
186,out_of_sample,1,12,1
187,out_of_sample,1,12,2
188,out_of_sample,1,12,3
189,out_of_sample,1,12,4
190,out_of_sample,1,13,0
191,out_of_sample,1,13,1
192,out_of_sample,1,13,2
193,in_sample,1,13,3
194,out_of_sample,1,13,4
195,out_of_sample,1,14,0
196,out_of_sample,1,14,1
197,out_of_sample,1,14,2
198,out_of_sample,1,14,3
199,out_of_sample,1,14,4
200,out_of_sample,1,15,0
201,out_of_sample,1,15,1
202,out_of_sample,1,15,2
203,out_of_sample,1,15,3
204,out_of_sample,1,15,4
205,out_of_sample,1,16,0
206,in_sample,1,16,1
207,out_of_sample,1,16,2
208,out_of_sample,1,16,3
209,out_of_sample,1,16,4
210,out_of_sample,1,17,0
211,out_of_sample,1,17,1
212,out_of_sample,1,17,2
213,out_of_sample,1,17,3
214,out_of_sample,1,17,4
215,out_of_sample,1,18,0
216,out_of_sample,1,18,1
217,out_of_sample,1,18,2
218,out_of_sample,1,18,3
219,out_of_sample,1,18,4
220,out_of_sample,1,19,0
221,out_of_sample,1,19,1
222,out_of_sample,1,19,2
223,out_of_sample,1,19,3
224,out_of_sample,1,19,4
225,out_of_sample,1,20,0
226,out_of_sample,1,20,1
227,out_of_sample,1,20,2
228,out_of_sample,1,20,3
229,out_of_sample,1,20,4
230,out_of_sample,1,21,0
231,out_of_sample,1,21,1
232,out_of_sample,1,21,2
233,out_of_sample,1,21,3
234,in_sample,1,21,4
235,out_of_sample,1,22,0
236,out_of_sample,1,22,1
237,out_of_sample,1,22,2
238,out_of_sample,1,22,3
239,out_of_sample,1,22,4
240,out_of_sample,1,23,0
241,out_of_sample,1,23,1
242,out_of_sample,1,23,2
243,out_of_sample,1,23,3
244,out_of_sample,1,23,4
245,out_of_sample,1,24,0
246,out_of_sample,1,24,1
247,out_of_sample,1,24,2
248,out_of_sample,1,24,3
249,out_of_sample,1,24,4
250,out_of_sample,2,0,0
251,out_of_sample,2,0,1
252,out_of_sample,2,0,2
253,out_of_sample,2,0,3
254,out_of_sample,2,0,4
255,out_of_sample,2,1,0
256,out_of_sample,2,1,1
257,out_of_sample,2,1,2
258,in_sample,2,1,3
259,out_of_sample,2,1,4
260,out_of_sample,2,2,0
261,out_of_sample,2,2,1
262,out_of_sample,2,2,2
263,out_of_sample,2,2,3
264,out_of_sample,2,2,4
265,out_of_sample,2,3,0
266,out_of_sample,2,3,1
267,in_sample,2,3,2
268,out_of_sample,2,3,3
269,out_of_sample,2,3,4
270,out_of_sample,2,4,0
271,out_of_sample,2,4,1
272,out_of_sample,2,4,2
273,out_of_sample,2,4,3
274,out_of_sample,2,4,4
275,out_of_sample,2,5,0
276,out_of_sample,2,5,1
277,out_of_sample,2,5,2
278,out_of_sample,2,5,3
279,in_sample,2,5,4
280,out_of_sample,2,6,0
281,out_of_sample,2,6,1
282,out_of_sample,2,6,2
283,in_sample,2,6,3
284,out_of_sample,2,6,4
285,out_of_sample,2,7,0
286,out_of_sample,2,7,1
287,out_of_sample,2,7,2
288,out_of_sample,2,7,3
289,out_of_sample,2,7,4
290,out_of_sample,2,8,0
291,out_of_sample,2,8,1
292,out_of_sample,2,8,2
293,out_of_sample,2,8,3
294,out_of_sample,2,8,4
295,out_of_sample,2,9,0
296,out_of_sample,2,9,1
297,out_of_sample,2,9,2
298,out_of_sample,2,9,3
299,out_of_sample,2,9,4
300,in_sample,2,10,0
301,out_of_sample,2,10,1
302,out_of_sample,2,10,2
303,out_of_sample,2,10,3
304,out_of_sample,2,10,4
305,out_of_sample,2,11,0
306,out_of_sample,2,11,1
307,out_of_sample,2,11,2
308,out_of_sample,2,11,3
309,out_of_sample,2,11,4
310,out_of_sample,2,12,0
311,out_of_sample,2,12,1
312,out_of_sample,2,12,2
313,out_of_sample,2,12,3
314,out_of_sample,2,12,4
315,out_of_sample,2,13,0
316,out_of_sample,2,13,1
317,out_of_sample,2,13,2
318,out_of_sample,2,13,3
319,out_of_sample,2,13,4
320,out_of_sample,2,14,0
321,out_of_sample,2,14,1
322,out_of_sample,2,14,2
323,out_of_sample,2,14,3
324,out_of_sample,2,14,4
325,out_of_sample,2,15,0
326,out_of_sample,2,15,1
327,out_of_sample,2,15,2
328,out_of_sample,2,15,3
329,out_of_sample,2,15,4
330,out_of_sample,2,16,0
331,out_of_sample,2,16,1
332,out_of_sample,2,16,2
333,out_of_sample,2,16,3
334,out_of_sample,2,16,4
335,out_of_sample,2,17,0
336,out_of_sample,2,17,1
337,out_of_sample,2,17,2
338,out_of_sample,2,17,3
339,out_of_sample,2,17,4
340,out_of_sample,2,18,0
341,out_of_sample,2,18,1
342,out_of_sample,2,18,2
343,out_of_sample,2,18,3
344,out_of_sample,2,18,4
345,out_of_sample,2,19,0
346,out_of_sample,2,19,1
347,out_of_sample,2,19,2
348,out_of_sample,2,19,3
349,out_of_sample,2,19,4
350,out_of_sample,2,20,0
351,out_of_sample,2,20,1
352,out_of_sample,2,20,2
353,out_of_sample,2,20,3
354,out_of_sample,2,20,4
355,out_of_sample,2,21,0
356,out_of_sample,2,21,1
357,in_sample,2,21,2
358,out_of_sample,2,21,3
359,out_of_sample,2,21,4
360,out_of_sample,2,22,0
361,out_of_sample,2,22,1
362,out_of_sample,2,22,2
363,out_of_sample,2,22,3
364,out_of_sample,2,22,4
365,out_of_sample,2,23,0
366,out_of_sample,2,23,1
367,out_of_sample,2,23,2
368,out_of_sample,2,23,3
369,out_of_sample,2,23,4
370,out_of_sample,2,24,0
371,out_of_sample,2,24,1
372,out_of_sample,2,24,2
373,out_of_sample,2,24,3
374,out_of_sample,2,24,4
375,out_of_sample,3,0,0
376,out_of_sample,3,0,1
377,out_of_sample,3,0,2
378,out_of_sample,3,0,3
379,out_of_sample,3,0,4
380,out_of_sample,3,1,0
381,out_of_sample,3,1,1
382,out_of_sample,3,1,2
383,out_of_sample,3,1,3
384,out_of_sample,3,1,4
385,out_of_sample,3,2,0
386,in_sample,3,2,1
387,out_of_sample,3,2,2
388,out_of_sample,3,2,3
389,out_of_sample,3,2,4
390,out_of_sample,3,3,0
391,out_of_sample,3,3,1
392,out_of_sample,3,3,2
393,out_of_sample,3,3,3
394,out_of_sample,3,3,4
395,out_of_sample,3,4,0
396,out_of_sample,3,4,1
397,out_of_sample,3,4,2
398,out_of_sample,3,4,3
399,in_sample,3,4,4
400,out_of_sample,3,5,0
401,out_of_sample,3,5,1
402,out_of_sample,3,5,2
403,out_of_sample,3,5,3
404,out_of_sample,3,5,4
405,out_of_sample,3,6,0
406,out_of_sample,3,6,1
407,out_of_sample,3,6,2
408,out_of_sample,3,6,3
409,out_of_sample,3,6,4
410,out_of_sample,3,7,0
411,out_of_sample,3,7,1
412,out_of_sample,3,7,2
413,out_of_sample,3,7,3
414,out_of_sample,3,7,4
415,out_of_sample,3,8,0
416,out_of_sample,3,8,1
417,out_of_sample,3,8,2
418,out_of_sample,3,8,3
419,out_of_sample,3,8,4
420,out_of_sample,3,9,0
421,out_of_sample,3,9,1
422,out_of_sample,3,9,2
423,out_of_sample,3,9,3
424,out_of_sample,3,9,4
425,out_of_sample,3,10,0
426,out_of_sample,3,10,1
427,out_of_sample,3,10,2
428,out_of_sample,3,10,3
429,out_of_sample,3,10,4
430,out_of_sample,3,11,0
431,out_of_sample,3,11,1
432,out_of_sample,3,11,2
433,in_sample,3,11,3
434,out_of_sample,3,11,4
435,in_sample,3,12,0
436,out_of_sample,3,12,1
437,out_of_sample,3,12,2
438,out_of_sample,3,12,3
439,out_of_sample,3,12,4
440,out_of_sample,3,13,0
441,out_of_sample,3,13,1
442,out_of_sample,3,13,2
443,out_of_sample,3,13,3
444,out_of_sample,3,13,4
445,out_of_sample,3,14,0
446,out_of_sample,3,14,1
447,out_of_sample,3,14,2
448,out_of_sample,3,14,3
449,out_of_sample,3,14,4
450,out_of_sample,3,15,0
451,out_of_sample,3,15,1
452,out_of_sample,3,15,2
453,out_of_sample,3,15,3
454,out_of_sample,3,15,4
455,out_of_sample,3,16,0
456,out_of_sample,3,16,1
457,out_of_sample,3,16,2
458,out_of_sample,3,16,3
459,out_of_sample,3,16,4
460,out_of_sample,3,17,0
461,out_of_sample,3,17,1
462,out_of_sample,3,17,2
463,out_of_sample,3,17,3
464,out_of_sample,3,17,4
465,out_of_sample,3,18,0
466,out_of_sample,3,18,1
467,out_of_sample,3,18,2
468,out_of_sample,3,18,3
469,out_of_sample,3,18,4
470,out_of_sample,3,19,0
471,in_sample,3,19,1
472,out_of_sample,3,19,2
473,out_of_sample,3,19,3
474,out_of_sample,3,19,4
475,out_of_sample,3,20,0
476,out_of_sample,3,20,1
477,out_of_sample,3,20,2
478,out_of_sample,3,20,3
479,out_of_sample,3,20,4
480,out_of_sample,3,21,0
481,out_of_sample,3,21,1
482,out_of_sample,3,21,2
483,out_of_sample,3,21,3
484,out_of_sample,3,21,4
485,out_of_sample,3,22,0
486,out_of_sample,3,22,1
487,out_of_sample,3,22,2
488,out_of_sample,3,22,3
489,out_of_sample,3,22,4
490,out_of_sample,3,23,0
491,out_of_sample,3,23,1
492,out_of_sample,3,23,2
493,out_of_sample,3,23,3
494,out_of_sample,3,23,4
495,in_sample,3,24,0
496,out_of_sample,3,24,1
497,out_of_sample,3,24,2
498,out_of_sample,3,24,3
499,out_of_sample,3,24,4
500,out_of_sample,4,0,0
501,out_of_sample,4,0,1
502,in_sample,4,0,2
503,out_of_sample,4,0,3
504,out_of_sample,4,0,4
505,out_of_sample,4,1,0
506,out_of_sample,4,1,1
507,out_of_sample,4,1,2
508,out_of_sample,4,1,3
509,out_of_sample,4,1,4
510,out_of_sample,4,2,0
511,out_of_sample,4,2,1
512,out_of_sample,4,2,2
513,out_of_sample,4,2,3
514,out_of_sample,4,2,4
515,out_of_sample,4,3,0
516,out_of_sample,4,3,1
517,out_of_sample,4,3,2
518,out_of_sample,4,3,3
519,out_of_sample,4,3,4
520,out_of_sample,4,4,0
521,out_of_sample,4,4,1
522,out_of_sample,4,4,2
523,out_of_sample,4,4,3
524,out_of_sample,4,4,4
525,out_of_sample,4,5,0
526,out_of_sample,4,5,1
527,out_of_sample,4,5,2
528,out_of_sample,4,5,3
529,out_of_sample,4,5,4
530,out_of_sample,4,6,0
531,out_of_sample,4,6,1
532,out_of_sample,4,6,2
533,out_of_sample,4,6,3
534,out_of_sample,4,6,4
535,out_of_sample,4,7,0
536,out_of_sample,4,7,1
537,out_of_sample,4,7,2
538,out_of_sample,4,7,3
539,out_of_sample,4,7,4
540,out_of_sample,4,8,0
541,out_of_sample,4,8,1
542,out_of_sample,4,8,2
543,out_of_sample,4,8,3
544,out_of_sample,4,8,4
545,out_of_sample,4,9,0
546,out_of_sample,4,9,1
547,out_of_sample,4,9,2
548,out_of_sample,4,9,3
549,out_of_sample,4,9,4
550,out_of_sample,4,10,0
551,in_sample,4,10,1
552,out_of_sample,4,10,2
553,out_of_sample,4,10,3
554,out_of_sample,4,10,4
555,out_of_sample,4,11,0
556,out_of_sample,4,11,1
557,out_of_sample,4,11,2
558,out_of_sample,4,11,3
559,out_of_sample,4,11,4
560,out_of_sample,4,12,0
561,out_of_sample,4,12,1
562,out_of_sample,4,12,2
563,out_of_sample,4,12,3
564,out_of_sample,4,12,4
565,out_of_sample,4,13,0
566,out_of_sample,4,13,1
567,out_of_sample,4,13,2
568,out_of_sample,4,13,3
569,out_of_sample,4,13,4
570,out_of_sample,4,14,0
571,out_of_sample,4,14,1
572,out_of_sample,4,14,2
573,out_of_sample,4,14,3
574,out_of_sample,4,14,4
575,out_of_sample,4,15,0
576,out_of_sample,4,15,1
577,out_of_sample,4,15,2
578,out_of_sample,4,15,3
579,out_of_sample,4,15,4
580,out_of_sample,4,16,0
581,out_of_sample,4,16,1
582,in_sample,4,16,2
583,out_of_sample,4,16,3
584,out_of_sample,4,16,4
585,out_of_sample,4,17,0
586,out_of_sample,4,17,1
587,out_of_sample,4,17,2
588,out_of_sample,4,17,3
589,out_of_sample,4,17,4
590,out_of_sample,4,18,0
591,out_of_sample,4,18,1
592,out_of_sample,4,18,2
593,out_of_sample,4,18,3
594,in_sample,4,18,4
595,out_of_sample,4,19,0
596,out_of_sample,4,19,1
597,out_of_sample,4,19,2
598,out_of_sample,4,19,3
599,out_of_sample,4,19,4
600,out_of_sample,4,20,0
601,out_of_sample,4,20,1
602,out_of_sample,4,20,2
603,out_of_sample,4,20,3
604,out_of_sample,4,20,4
605,out_of_sample,4,21,0
606,in_sample,4,21,1
607,out_of_sample,4,21,2
608,out_of_sample,4,21,3
609,out_of_sample,4,21,4
610,out_of_sample,4,22,0
611,out_of_sample,4,22,1
612,out_of_sample,4,22,2
613,out_of_sample,4,22,3
614,out_of_sample,4,22,4
615,out_of_sample,4,23,0
616,out_of_sample,4,23,1
617,out_of_sample,4,23,2
618,out_of_sample,4,23,3
619,out_of_sample,4,23,4
620,in_sample,4,24,0
621,out_of_sample,4,24,1
622,out_of_sample,4,24,2
623,out_of_sample,4,24,3
624,out_of_sample,4,24,4
625,out_of_sample,5,0,0
626,out_of_sample,5,0,1
627,out_of_sample,5,0,2
628,out_of_sample,5,0,3
629,out_of_sample,5,0,4
630,out_of_sample,5,1,0
631,out_of_sample,5,1,1
632,out_of_sample,5,1,2
633,out_of_sample,5,1,3
634,out_of_sample,5,1,4
635,out_of_sample,5,2,0
636,out_of_sample,5,2,1
637,out_of_sample,5,2,2
638,out_of_sample,5,2,3
639,out_of_sample,5,2,4
640,out_of_sample,5,3,0
641,out_of_sample,5,3,1
642,out_of_sample,5,3,2
643,out_of_sample,5,3,3
644,out_of_sample,5,3,4
645,out_of_sample,5,4,0
646,out_of_sample,5,4,1
647,out_of_sample,5,4,2
648,out_of_sample,5,4,3
649,out_of_sample,5,4,4
650,out_of_sample,5,5,0
651,out_of_sample,5,5,1
652,out_of_sample,5,5,2
653,out_of_sample,5,5,3
654,out_of_sample,5,5,4
655,out_of_sample,5,6,0
656,out_of_sample,5,6,1
657,out_of_sample,5,6,2
658,out_of_sample,5,6,3
659,out_of_sample,5,6,4
660,out_of_sample,5,7,0
661,out_of_sample,5,7,1
662,out_of_sample,5,7,2
663,out_of_sample,5,7,3
664,out_of_sample,5,7,4
665,out_of_sample,5,8,0
666,out_of_sample,5,8,1
667,out_of_sample,5,8,2
668,out_of_sample,5,8,3
669,out_of_sample,5,8,4
670,out_of_sample,5,9,0
671,out_of_sample,5,9,1
672,out_of_sample,5,9,2
673,out_of_sample,5,9,3
674,out_of_sample,5,9,4
675,out_of_sample,5,10,0
676,out_of_sample,5,10,1
677,out_of_sample,5,10,2
678,out_of_sample,5,10,3
679,out_of_sample,5,10,4
680,out_of_sample,5,11,0
681,out_of_sample,5,11,1
682,out_of_sample,5,11,2
683,out_of_sample,5,11,3
684,out_of_sample,5,11,4
685,out_of_sample,5,12,0
686,out_of_sample,5,12,1
687,out_of_sample,5,12,2
688,in_sample,5,12,3
689,out_of_sample,5,12,4
690,out_of_sample,5,13,0
691,out_of_sample,5,13,1
692,out_of_sample,5,13,2
693,out_of_sample,5,13,3
694,out_of_sample,5,13,4
695,out_of_sample,5,14,0
696,out_of_sample,5,14,1
697,out_of_sample,5,14,2
698,in_sample,5,14,3
699,out_of_sample,5,14,4
700,out_of_sample,5,15,0
701,out_of_sample,5,15,1
702,out_of_sample,5,15,2
703,out_of_sample,5,15,3
704,out_of_sample,5,15,4
705,out_of_sample,5,16,0
706,out_of_sample,5,16,1
707,out_of_sample,5,16,2
708,out_of_sample,5,16,3
709,out_of_sample,5,16,4
710,out_of_sample,5,17,0
711,out_of_sample,5,17,1
712,out_of_sample,5,17,2
713,out_of_sample,5,17,3
714,out_of_sample,5,17,4
715,out_of_sample,5,18,0
716,out_of_sample,5,18,1
717,out_of_sample,5,18,2
718,out_of_sample,5,18,3
719,out_of_sample,5,18,4
720,out_of_sample,5,19,0
721,out_of_sample,5,19,1
722,out_of_sample,5,19,2
723,out_of_sample,5,19,3
724,out_of_sample,5,19,4
725,out_of_sample,5,20,0
726,out_of_sample,5,20,1
727,out_of_sample,5,20,2
728,out_of_sample,5,20,3
729,out_of_sample,5,20,4
730,out_of_sample,5,21,0
731,out_of_sample,5,21,1
732,out_of_sample,5,21,2
733,out_of_sample,5,21,3
734,out_of_sample,5,21,4
735,out_of_sample,5,22,0
736,out_of_sample,5,22,1
737,out_of_sample,5,22,2
738,out_of_sample,5,22,3
739,out_of_sample,5,22,4
740,out_of_sample,5,23,0
741,in_sample,5,23,1
742,out_of_sample,5,23,2
743,out_of_sample,5,23,3
744,out_of_sample,5,23,4
745,out_of_sample,5,24,0
746,out_of_sample,5,24,1
747,out_of_sample,5,24,2
748,out_of_sample,5,24,3
749,out_of_sample,5,24,4
750,out_of_sample,6,0,0
751,out_of_sample,6,0,1
752,out_of_sample,6,0,2
753,out_of_sample,6,0,3
754,out_of_sample,6,0,4
755,out_of_sample,6,1,0
756,out_of_sample,6,1,1
757,out_of_sample,6,1,2
758,out_of_sample,6,1,3
759,out_of_sample,6,1,4
760,out_of_sample,6,2,0
761,out_of_sample,6,2,1
762,out_of_sample,6,2,2
763,out_of_sample,6,2,3
764,out_of_sample,6,2,4
765,in_sample,6,3,0
766,out_of_sample,6,3,1
767,out_of_sample,6,3,2
768,out_of_sample,6,3,3
769,out_of_sample,6,3,4
770,out_of_sample,6,4,0
771,out_of_sample,6,4,1
772,out_of_sample,6,4,2
773,out_of_sample,6,4,3
774,out_of_sample,6,4,4
775,out_of_sample,6,5,0
776,out_of_sample,6,5,1
777,out_of_sample,6,5,2
778,out_of_sample,6,5,3
779,out_of_sample,6,5,4
780,out_of_sample,6,6,0
781,out_of_sample,6,6,1
782,out_of_sample,6,6,2
783,out_of_sample,6,6,3
784,out_of_sample,6,6,4
785,out_of_sample,6,7,0
786,out_of_sample,6,7,1
787,out_of_sample,6,7,2
788,out_of_sample,6,7,3
789,out_of_sample,6,7,4
790,out_of_sample,6,8,0
791,out_of_sample,6,8,1
792,out_of_sample,6,8,2
793,out_of_sample,6,8,3
794,out_of_sample,6,8,4
795,out_of_sample,6,9,0
796,out_of_sample,6,9,1
797,out_of_sample,6,9,2
798,out_of_sample,6,9,3
799,out_of_sample,6,9,4
800,out_of_sample,6,10,0
801,out_of_sample,6,10,1
802,out_of_sample,6,10,2
803,out_of_sample,6,10,3
804,out_of_sample,6,10,4
805,out_of_sample,6,11,0
806,out_of_sample,6,11,1
807,out_of_sample,6,11,2
808,out_of_sample,6,11,3
809,out_of_sample,6,11,4
810,out_of_sample,6,12,0
811,out_of_sample,6,12,1
812,out_of_sample,6,12,2
813,out_of_sample,6,12,3
814,out_of_sample,6,12,4
815,out_of_sample,6,13,0
816,out_of_sample,6,13,1
817,out_of_sample,6,13,2
818,out_of_sample,6,13,3
819,out_of_sample,6,13,4
820,out_of_sample,6,14,0
821,out_of_sample,6,14,1
822,out_of_sample,6,14,2
823,out_of_sample,6,14,3
824,out_of_sample,6,14,4
825,out_of_sample,6,15,0
826,out_of_sample,6,15,1
827,out_of_sample,6,15,2
828,out_of_sample,6,15,3
829,out_of_sample,6,15,4
830,out_of_sample,6,16,0
831,out_of_sample,6,16,1
832,out_of_sample,6,16,2
833,out_of_sample,6,16,3
834,out_of_sample,6,16,4
835,out_of_sample,6,17,0
836,out_of_sample,6,17,1
837,out_of_sample,6,17,2
838,out_of_sample,6,17,3
839,out_of_sample,6,17,4
840,out_of_sample,6,18,0
841,in_sample,6,18,1
842,out_of_sample,6,18,2
843,out_of_sample,6,18,3
844,out_of_sample,6,18,4
845,out_of_sample,6,19,0
846,out_of_sample,6,19,1
847,out_of_sample,6,19,2
848,out_of_sample,6,19,3
849,out_of_sample,6,19,4
850,out_of_sample,6,20,0
851,out_of_sample,6,20,1
852,out_of_sample,6,20,2
853,out_of_sample,6,20,3
854,out_of_sample,6,20,4
855,out_of_sample,6,21,0
856,out_of_sample,6,21,1
857,out_of_sample,6,21,2
858,out_of_sample,6,21,3
859,out_of_sample,6,21,4
860,out_of_sample,6,22,0
861,out_of_sample,6,22,1
862,in_sample,6,22,2
863,out_of_sample,6,22,3
864,out_of_sample,6,22,4
865,out_of_sample,6,23,0
866,out_of_sample,6,23,1
867,out_of_sample,6,23,2
868,out_of_sample,6,23,3
869,out_of_sample,6,23,4
870,out_of_sample,6,24,0
871,out_of_sample,6,24,1
872,out_of_sample,6,24,2
873,out_of_sample,6,24,3
874,out_of_sample,6,24,4
875,out_of_sample,7,0,0
876,out_of_sample,7,0,1
877,out_of_sample,7,0,2
878,out_of_sample,7,0,3
879,out_of_sample,7,0,4
880,out_of_sample,7,1,0
881,out_of_sample,7,1,1
882,out_of_sample,7,1,2
883,out_of_sample,7,1,3
884,out_of_sample,7,1,4
885,out_of_sample,7,2,0
886,out_of_sample,7,2,1
887,out_of_sample,7,2,2
888,out_of_sample,7,2,3
889,out_of_sample,7,2,4
890,out_of_sample,7,3,0
891,out_of_sample,7,3,1
892,in_sample,7,3,2
893,out_of_sample,7,3,3
894,out_of_sample,7,3,4
895,out_of_sample,7,4,0
896,out_of_sample,7,4,1
897,out_of_sample,7,4,2
898,out_of_sample,7,4,3
899,out_of_sample,7,4,4
900,out_of_sample,7,5,0
901,out_of_sample,7,5,1
902,out_of_sample,7,5,2
903,out_of_sample,7,5,3
904,out_of_sample,7,5,4
905,out_of_sample,7,6,0
906,out_of_sample,7,6,1
907,out_of_sample,7,6,2
908,out_of_sample,7,6,3
909,out_of_sample,7,6,4
910,out_of_sample,7,7,0
911,out_of_sample,7,7,1
912,out_of_sample,7,7,2
913,out_of_sample,7,7,3
914,out_of_sample,7,7,4
915,out_of_sample,7,8,0
916,out_of_sample,7,8,1
917,out_of_sample,7,8,2
918,out_of_sample,7,8,3
919,out_of_sample,7,8,4
920,out_of_sample,7,9,0
921,out_of_sample,7,9,1
922,out_of_sample,7,9,2
923,out_of_sample,7,9,3
924,out_of_sample,7,9,4
925,out_of_sample,7,10,0
926,out_of_sample,7,10,1
927,out_of_sample,7,10,2
928,out_of_sample,7,10,3
929,out_of_sample,7,10,4
930,out_of_sample,7,11,0
931,out_of_sample,7,11,1
932,out_of_sample,7,11,2
933,out_of_sample,7,11,3
934,out_of_sample,7,11,4
935,out_of_sample,7,12,0
936,out_of_sample,7,12,1
937,out_of_sample,7,12,2
938,out_of_sample,7,12,3
939,out_of_sample,7,12,4
940,out_of_sample,7,13,0
941,out_of_sample,7,13,1
942,out_of_sample,7,13,2
943,out_of_sample,7,13,3
944,out_of_sample,7,13,4
945,out_of_sample,7,14,0
946,out_of_sample,7,14,1
947,out_of_sample,7,14,2
948,out_of_sample,7,14,3
949,out_of_sample,7,14,4
950,out_of_sample,7,15,0
951,out_of_sample,7,15,1
952,out_of_sample,7,15,2
953,out_of_sample,7,15,3
954,out_of_sample,7,15,4
955,out_of_sample,7,16,0
956,out_of_sample,7,16,1
957,out_of_sample,7,16,2
958,out_of_sample,7,16,3
959,out_of_sample,7,16,4
960,out_of_sample,7,17,0
961,out_of_sample,7,17,1
962,out_of_sample,7,17,2
963,out_of_sample,7,17,3
964,in_sample,7,17,4
965,out_of_sample,7,18,0
966,out_of_sample,7,18,1
967,out_of_sample,7,18,2
968,out_of_sample,7,18,3
969,out_of_sample,7,18,4
970,out_of_sample,7,19,0
971,out_of_sample,7,19,1
972,out_of_sample,7,19,2
973,out_of_sample,7,19,3
974,out_of_sample,7,19,4
975,out_of_sample,7,20,0
976,out_of_sample,7,20,1
977,out_of_sample,7,20,2
978,out_of_sample,7,20,3
979,out_of_sample,7,20,4
980,out_of_sample,7,21,0
981,out_of_sample,7,21,1
982,out_of_sample,7,21,2
983,out_of_sample,7,21,3
984,out_of_sample,7,21,4
985,out_of_sample,7,22,0
986,out_of_sample,7,22,1
987,out_of_sample,7,22,2
988,out_of_sample,7,22,3
989,out_of_sample,7,22,4
990,out_of_sample,7,23,0
991,out_of_sample,7,23,1
992,out_of_sample,7,23,2
993,out_of_sample,7,23,3
994,out_of_sample,7,23,4
995,out_of_sample,7,24,0
996,out_of_sample,7,24,1
997,out_of_sample,7,24,2
998,in_sample,7,24,3
999,out_of_sample,7,24,4
1000,out_of_sample,8,0,0
1001,out_of_sample,8,0,1
1002,out_of_sample,8,0,2
1003,out_of_sample,8,0,3
1004,out_of_sample,8,0,4
1005,out_of_sample,8,1,0
1006,out_of_sample,8,1,1
1007,out_of_sample,8,1,2
1008,out_of_sample,8,1,3
1009,out_of_sample,8,1,4
1010,out_of_sample,8,2,0
1011,out_of_sample,8,2,1
1012,out_of_sample,8,2,2
1013,out_of_sample,8,2,3
1014,out_of_sample,8,2,4
1015,out_of_sample,8,3,0
1016,in_sample,8,3,1
1017,out_of_sample,8,3,2
1018,out_of_sample,8,3,3
1019,out_of_sample,8,3,4
1020,out_of_sample,8,4,0
1021,out_of_sample,8,4,1
1022,out_of_sample,8,4,2
1023,out_of_sample,8,4,3
1024,out_of_sample,8,4,4
1025,out_of_sample,8,5,0
1026,out_of_sample,8,5,1
1027,out_of_sample,8,5,2
1028,out_of_sample,8,5,3
1029,out_of_sample,8,5,4
1030,out_of_sample,8,6,0
1031,out_of_sample,8,6,1
1032,out_of_sample,8,6,2
1033,out_of_sample,8,6,3
1034,out_of_sample,8,6,4
1035,out_of_sample,8,7,0
1036,out_of_sample,8,7,1
1037,out_of_sample,8,7,2
1038,out_of_sample,8,7,3
1039,out_of_sample,8,7,4
1040,out_of_sample,8,8,0
1041,out_of_sample,8,8,1
1042,out_of_sample,8,8,2
1043,out_of_sample,8,8,3
1044,out_of_sample,8,8,4
1045,out_of_sample,8,9,0
1046,out_of_sample,8,9,1
1047,out_of_sample,8,9,2
1048,out_of_sample,8,9,3
1049,out_of_sample,8,9,4
1050,out_of_sample,8,10,0
1051,out_of_sample,8,10,1
1052,out_of_sample,8,10,2
1053,out_of_sample,8,10,3
1054,out_of_sample,8,10,4
1055,out_of_sample,8,11,0
1056,out_of_sample,8,11,1
1057,out_of_sample,8,11,2
1058,out_of_sample,8,11,3
1059,out_of_sample,8,11,4
1060,out_of_sample,8,12,0
1061,out_of_sample,8,12,1
1062,out_of_sample,8,12,2
1063,out_of_sample,8,12,3
1064,out_of_sample,8,12,4
1065,out_of_sample,8,13,0
1066,out_of_sample,8,13,1
1067,out_of_sample,8,13,2
1068,out_of_sample,8,13,3
1069,out_of_sample,8,13,4
1070,out_of_sample,8,14,0
1071,out_of_sample,8,14,1
1072,out_of_sample,8,14,2
1073,out_of_sample,8,14,3
1074,out_of_sample,8,14,4
1075,out_of_sample,8,15,0
1076,out_of_sample,8,15,1
1077,out_of_sample,8,15,2
1078,out_of_sample,8,15,3
1079,in_sample,8,15,4
1080,out_of_sample,8,16,0
1081,out_of_sample,8,16,1
1082,out_of_sample,8,16,2
1083,out_of_sample,8,16,3
1084,out_of_sample,8,16,4
1085,out_of_sample,8,17,0
1086,out_of_sample,8,17,1
1087,out_of_sample,8,17,2
1088,out_of_sample,8,17,3
1089,out_of_sample,8,17,4
1090,out_of_sample,8,18,0
1091,out_of_sample,8,18,1
1092,out_of_sample,8,18,2
1093,out_of_sample,8,18,3
1094,out_of_sample,8,18,4
1095,out_of_sample,8,19,0
1096,out_of_sample,8,19,1
1097,out_of_sample,8,19,2
1098,out_of_sample,8,19,3
1099,out_of_sample,8,19,4
1100,out_of_sample,8,20,0
1101,out_of_sample,8,20,1
1102,out_of_sample,8,20,2
1103,out_of_sample,8,20,3
1104,out_of_sample,8,20,4
1105,out_of_sample,8,21,0
1106,out_of_sample,8,21,1
1107,out_of_sample,8,21,2
1108,out_of_sample,8,21,3
1109,out_of_sample,8,21,4
1110,out_of_sample,8,22,0
1111,in_sample,8,22,1
1112,out_of_sample,8,22,2
1113,out_of_sample,8,22,3
1114,out_of_sample,8,22,4
1115,out_of_sample,8,23,0
1116,out_of_sample,8,23,1
1117,out_of_sample,8,23,2
1118,out_of_sample,8,23,3
1119,out_of_sample,8,23,4
1120,in_sample,8,24,0
1121,out_of_sample,8,24,1
1122,out_of_sample,8,24,2
1123,in_sample,8,24,3
1124,out_of_sample,8,24,4
1125,out_of_sample,9,0,0
1126,out_of_sample,9,0,1
1127,out_of_sample,9,0,2
1128,out_of_sample,9,0,3
1129,out_of_sample,9,0,4
1130,out_of_sample,9,1,0
1131,out_of_sample,9,1,1
1132,out_of_sample,9,1,2
1133,out_of_sample,9,1,3
1134,out_of_sample,9,1,4
1135,out_of_sample,9,2,0
1136,in_sample,9,2,1
1137,out_of_sample,9,2,2
1138,out_of_sample,9,2,3
1139,out_of_sample,9,2,4
1140,out_of_sample,9,3,0
1141,out_of_sample,9,3,1
1142,out_of_sample,9,3,2
1143,out_of_sample,9,3,3
1144,out_of_sample,9,3,4
1145,out_of_sample,9,4,0
1146,out_of_sample,9,4,1
1147,out_of_sample,9,4,2
1148,out_of_sample,9,4,3
1149,out_of_sample,9,4,4
1150,out_of_sample,9,5,0
1151,out_of_sample,9,5,1
1152,out_of_sample,9,5,2
1153,out_of_sample,9,5,3
1154,out_of_sample,9,5,4
1155,out_of_sample,9,6,0
1156,out_of_sample,9,6,1
1157,out_of_sample,9,6,2
1158,out_of_sample,9,6,3
1159,out_of_sample,9,6,4
1160,out_of_sample,9,7,0
1161,out_of_sample,9,7,1
1162,out_of_sample,9,7,2
1163,out_of_sample,9,7,3
1164,out_of_sample,9,7,4
1165,out_of_sample,9,8,0
1166,out_of_sample,9,8,1
1167,out_of_sample,9,8,2
1168,out_of_sample,9,8,3
1169,out_of_sample,9,8,4
1170,out_of_sample,9,9,0
1171,out_of_sample,9,9,1
1172,out_of_sample,9,9,2
1173,out_of_sample,9,9,3
1174,out_of_sample,9,9,4
1175,out_of_sample,9,10,0
1176,out_of_sample,9,10,1
1177,out_of_sample,9,10,2
1178,out_of_sample,9,10,3
1179,out_of_sample,9,10,4
1180,out_of_sample,9,11,0
1181,out_of_sample,9,11,1
1182,out_of_sample,9,11,2
1183,out_of_sample,9,11,3
1184,out_of_sample,9,11,4
1185,out_of_sample,9,12,0
1186,out_of_sample,9,12,1
1187,out_of_sample,9,12,2
1188,out_of_sample,9,12,3
1189,out_of_sample,9,12,4
1190,out_of_sample,9,13,0
1191,out_of_sample,9,13,1
1192,out_of_sample,9,13,2
1193,out_of_sample,9,13,3
1194,out_of_sample,9,13,4
1195,out_of_sample,9,14,0
1196,out_of_sample,9,14,1
1197,out_of_sample,9,14,2
1198,in_sample,9,14,3
1199,out_of_sample,9,14,4
1200,out_of_sample,9,15,0
1201,out_of_sample,9,15,1
1202,out_of_sample,9,15,2
1203,out_of_sample,9,15,3
1204,out_of_sample,9,15,4
1205,out_of_sample,9,16,0
1206,out_of_sample,9,16,1
1207,out_of_sample,9,16,2
1208,out_of_sample,9,16,3
1209,out_of_sample,9,16,4
1210,out_of_sample,9,17,0
1211,out_of_sample,9,17,1
1212,out_of_sample,9,17,2
1213,out_of_sample,9,17,3
1214,out_of_sample,9,17,4
1215,out_of_sample,9,18,0
1216,out_of_sample,9,18,1
1217,out_of_sample,9,18,2
1218,in_sample,9,18,3
1219,out_of_sample,9,18,4
1220,out_of_sample,9,19,0
1221,out_of_sample,9,19,1
1222,out_of_sample,9,19,2
1223,out_of_sample,9,19,3
1224,out_of_sample,9,19,4
1225,out_of_sample,9,20,0
1226,out_of_sample,9,20,1
1227,out_of_sample,9,20,2
1228,out_of_sample,9,20,3
1229,out_of_sample,9,20,4
1230,out_of_sample,9,21,0
1231,out_of_sample,9,21,1
1232,out_of_sample,9,21,2
1233,out_of_sample,9,21,3
1234,out_of_sample,9,21,4
1235,out_of_sample,9,22,0
1236,out_of_sample,9,22,1
1237,out_of_sample,9,22,2
1238,out_of_sample,9,22,3
1239,out_of_sample,9,22,4
1240,out_of_sample,9,23,0
1241,out_of_sample,9,23,1
1242,out_of_sample,9,23,2
1243,out_of_sample,9,23,3
1244,out_of_sample,9,23,4
1245,out_of_sample,9,24,0
1246,out_of_sample,9,24,1
1247,out_of_sample,9,24,2
1248,out_of_sample,9,24,3
1249,out_of_sample,9,24,4
1250,out_of_sample,10,0,0
1251,out_of_sample,10,0,1
1252,out_of_sample,10,0,2
1253,out_of_sample,10,0,3
1254,out_of_sample,10,0,4
1255,out_of_sample,10,1,0
1256,out_of_sample,10,1,1
1257,out_of_sample,10,1,2
1258,out_of_sample,10,1,3
1259,in_sample,10,1,4
1260,out_of_sample,10,2,0
1261,out_of_sample,10,2,1
1262,out_of_sample,10,2,2
1263,out_of_sample,10,2,3
1264,out_of_sample,10,2,4
1265,out_of_sample,10,3,0
1266,out_of_sample,10,3,1
1267,out_of_sample,10,3,2
1268,out_of_sample,10,3,3
1269,out_of_sample,10,3,4
1270,out_of_sample,10,4,0
1271,out_of_sample,10,4,1
1272,out_of_sample,10,4,2
1273,out_of_sample,10,4,3
1274,out_of_sample,10,4,4
1275,out_of_sample,10,5,0
1276,out_of_sample,10,5,1
1277,out_of_sample,10,5,2
1278,out_of_sample,10,5,3
1279,out_of_sample,10,5,4
1280,out_of_sample,10,6,0
1281,out_of_sample,10,6,1
1282,out_of_sample,10,6,2
1283,out_of_sample,10,6,3
1284,out_of_sample,10,6,4
1285,out_of_sample,10,7,0
1286,out_of_sample,10,7,1
1287,out_of_sample,10,7,2
1288,out_of_sample,10,7,3
1289,out_of_sample,10,7,4
1290,out_of_sample,10,8,0
1291,out_of_sample,10,8,1
1292,out_of_sample,10,8,2
1293,out_of_sample,10,8,3
1294,out_of_sample,10,8,4
1295,out_of_sample,10,9,0
1296,out_of_sample,10,9,1
1297,out_of_sample,10,9,2
1298,out_of_sample,10,9,3
1299,out_of_sample,10,9,4
1300,out_of_sample,10,10,0
1301,in_sample,10,10,1
1302,out_of_sample,10,10,2
1303,out_of_sample,10,10,3
1304,out_of_sample,10,10,4
1305,out_of_sample,10,11,0
1306,out_of_sample,10,11,1
1307,out_of_sample,10,11,2
1308,out_of_sample,10,11,3
1309,out_of_sample,10,11,4
1310,out_of_sample,10,12,0
1311,out_of_sample,10,12,1
1312,out_of_sample,10,12,2
1313,out_of_sample,10,12,3
1314,out_of_sample,10,12,4
1315,out_of_sample,10,13,0
1316,out_of_sample,10,13,1
1317,out_of_sample,10,13,2
1318,in_sample,10,13,3
1319,out_of_sample,10,13,4
1320,out_of_sample,10,14,0
1321,out_of_sample,10,14,1
1322,out_of_sample,10,14,2
1323,out_of_sample,10,14,3
1324,out_of_sample,10,14,4
1325,out_of_sample,10,15,0
1326,out_of_sample,10,15,1
1327,out_of_sample,10,15,2
1328,out_of_sample,10,15,3
1329,out_of_sample,10,15,4
1330,out_of_sample,10,16,0
1331,out_of_sample,10,16,1
1332,out_of_sample,10,16,2
1333,out_of_sample,10,16,3
1334,out_of_sample,10,16,4
1335,out_of_sample,10,17,0
1336,out_of_sample,10,17,1
1337,out_of_sample,10,17,2
1338,out_of_sample,10,17,3
1339,out_of_sample,10,17,4
1340,out_of_sample,10,18,0
1341,out_of_sample,10,18,1
1342,out_of_sample,10,18,2
1343,in_sample,10,18,3
1344,out_of_sample,10,18,4
1345,in_sample,10,19,0
1346,out_of_sample,10,19,1
1347,in_sample,10,19,2
1348,out_of_sample,10,19,3
1349,out_of_sample,10,19,4
1350,out_of_sample,10,20,0
1351,out_of_sample,10,20,1
1352,out_of_sample,10,20,2
1353,out_of_sample,10,20,3
1354,out_of_sample,10,20,4
1355,out_of_sample,10,21,0
1356,out_of_sample,10,21,1
1357,out_of_sample,10,21,2
1358,in_sample,10,21,3
1359,out_of_sample,10,21,4
1360,in_sample,10,22,0
1361,out_of_sample,10,22,1
1362,out_of_sample,10,22,2
1363,out_of_sample,10,22,3
1364,out_of_sample,10,22,4
1365,in_sample,10,23,0
1366,out_of_sample,10,23,1
1367,out_of_sample,10,23,2
1368,out_of_sample,10,23,3
1369,out_of_sample,10,23,4
1370,out_of_sample,10,24,0
1371,out_of_sample,10,24,1
1372,in_sample,10,24,2
1373,out_of_sample,10,24,3
1374,out_of_sample,10,24,4
1375,out_of_sample,11,0,0
1376,out_of_sample,11,0,1
1377,out_of_sample,11,0,2
1378,out_of_sample,11,0,3
1379,out_of_sample,11,0,4
1380,out_of_sample,11,1,0
1381,out_of_sample,11,1,1
1382,out_of_sample,11,1,2
1383,out_of_sample,11,1,3
1384,out_of_sample,11,1,4
1385,out_of_sample,11,2,0
1386,out_of_sample,11,2,1
1387,out_of_sample,11,2,2
1388,out_of_sample,11,2,3
1389,out_of_sample,11,2,4
1390,out_of_sample,11,3,0
1391,out_of_sample,11,3,1
1392,out_of_sample,11,3,2
1393,out_of_sample,11,3,3
1394,out_of_sample,11,3,4
1395,out_of_sample,11,4,0
1396,out_of_sample,11,4,1
1397,out_of_sample,11,4,2
1398,out_of_sample,11,4,3
1399,out_of_sample,11,4,4
1400,out_of_sample,11,5,0
1401,out_of_sample,11,5,1
1402,out_of_sample,11,5,2
1403,out_of_sample,11,5,3
1404,out_of_sample,11,5,4
1405,out_of_sample,11,6,0
1406,out_of_sample,11,6,1
1407,out_of_sample,11,6,2
1408,out_of_sample,11,6,3
1409,out_of_sample,11,6,4
1410,out_of_sample,11,7,0
1411,out_of_sample,11,7,1
1412,out_of_sample,11,7,2
1413,out_of_sample,11,7,3
1414,out_of_sample,11,7,4
1415,out_of_sample,11,8,0
1416,out_of_sample,11,8,1
1417,out_of_sample,11,8,2
1418,out_of_sample,11,8,3
1419,out_of_sample,11,8,4
1420,out_of_sample,11,9,0
1421,out_of_sample,11,9,1
1422,in_sample,11,9,2
1423,out_of_sample,11,9,3
1424,out_of_sample,11,9,4
1425,in_sample,11,10,0
1426,out_of_sample,11,10,1
1427,out_of_sample,11,10,2
1428,out_of_sample,11,10,3
1429,in_sample,11,10,4
1430,out_of_sample,11,11,0
1431,out_of_sample,11,11,1
1432,out_of_sample,11,11,2
1433,out_of_sample,11,11,3
1434,out_of_sample,11,11,4
1435,out_of_sample,11,12,0
1436,out_of_sample,11,12,1
1437,out_of_sample,11,12,2
1438,out_of_sample,11,12,3
1439,out_of_sample,11,12,4
1440,out_of_sample,11,13,0
1441,in_sample,11,13,1
1442,out_of_sample,11,13,2
1443,out_of_sample,11,13,3
1444,out_of_sample,11,13,4
1445,out_of_sample,11,14,0
1446,out_of_sample,11,14,1
1447,out_of_sample,11,14,2
1448,out_of_sample,11,14,3
1449,out_of_sample,11,14,4
1450,out_of_sample,11,15,0
1451,out_of_sample,11,15,1
1452,out_of_sample,11,15,2
1453,out_of_sample,11,15,3
1454,out_of_sample,11,15,4
1455,out_of_sample,11,16,0
1456,out_of_sample,11,16,1
1457,out_of_sample,11,16,2
1458,out_of_sample,11,16,3
1459,out_of_sample,11,16,4
1460,out_of_sample,11,17,0
1461,out_of_sample,11,17,1
1462,out_of_sample,11,17,2
1463,in_sample,11,17,3
1464,out_of_sample,11,17,4
1465,out_of_sample,11,18,0
1466,in_sample,11,18,1
1467,out_of_sample,11,18,2
1468,out_of_sample,11,18,3
1469,out_of_sample,11,18,4
1470,out_of_sample,11,19,0
1471,in_sample,11,19,1
1472,out_of_sample,11,19,2
1473,out_of_sample,11,19,3
1474,out_of_sample,11,19,4
1475,out_of_sample,11,20,0
1476,out_of_sample,11,20,1
1477,out_of_sample,11,20,2
1478,out_of_sample,11,20,3
1479,out_of_sample,11,20,4
1480,out_of_sample,11,21,0
1481,out_of_sample,11,21,1
1482,out_of_sample,11,21,2
1483,out_of_sample,11,21,3
1484,out_of_sample,11,21,4
1485,out_of_sample,11,22,0
1486,out_of_sample,11,22,1
1487,out_of_sample,11,22,2
1488,out_of_sample,11,22,3
1489,out_of_sample,11,22,4
1490,out_of_sample,11,23,0
1491,out_of_sample,11,23,1
1492,out_of_sample,11,23,2
1493,out_of_sample,11,23,3
1494,out_of_sample,11,23,4
1495,out_of_sample,11,24,0
1496,out_of_sample,11,24,1
1497,out_of_sample,11,24,2
1498,out_of_sample,11,24,3
1499,out_of_sample,11,24,4
1500,out_of_sample,12,0,0
1501,out_of_sample,12,0,1
1502,out_of_sample,12,0,2
1503,out_of_sample,12,0,3
1504,out_of_sample,12,0,4
1505,out_of_sample,12,1,0
1506,out_of_sample,12,1,1
1507,out_of_sample,12,1,2
1508,out_of_sample,12,1,3
1509,out_of_sample,12,1,4
1510,out_of_sample,12,2,0
1511,in_sample,12,2,1
1512,out_of_sample,12,2,2
1513,out_of_sample,12,2,3
1514,out_of_sample,12,2,4
1515,out_of_sample,12,3,0
1516,out_of_sample,12,3,1
1517,out_of_sample,12,3,2
1518,out_of_sample,12,3,3
1519,out_of_sample,12,3,4
1520,in_sample,12,4,0
1521,out_of_sample,12,4,1
1522,out_of_sample,12,4,2
1523,out_of_sample,12,4,3
1524,out_of_sample,12,4,4
1525,out_of_sample,12,5,0
1526,out_of_sample,12,5,1
1527,out_of_sample,12,5,2
1528,out_of_sample,12,5,3
1529,out_of_sample,12,5,4
1530,out_of_sample,12,6,0
1531,out_of_sample,12,6,1
1532,out_of_sample,12,6,2
1533,out_of_sample,12,6,3
1534,out_of_sample,12,6,4
1535,out_of_sample,12,7,0
1536,out_of_sample,12,7,1
1537,out_of_sample,12,7,2
1538,out_of_sample,12,7,3
1539,out_of_sample,12,7,4
1540,out_of_sample,12,8,0
1541,out_of_sample,12,8,1
1542,out_of_sample,12,8,2
1543,out_of_sample,12,8,3
1544,out_of_sample,12,8,4
1545,out_of_sample,12,9,0
1546,out_of_sample,12,9,1
1547,out_of_sample,12,9,2
1548,in_sample,12,9,3
1549,out_of_sample,12,9,4
1550,out_of_sample,12,10,0
1551,out_of_sample,12,10,1
1552,out_of_sample,12,10,2
1553,out_of_sample,12,10,3
1554,out_of_sample,12,10,4
1555,out_of_sample,12,11,0
1556,out_of_sample,12,11,1
1557,out_of_sample,12,11,2
1558,out_of_sample,12,11,3
1559,out_of_sample,12,11,4
1560,out_of_sample,12,12,0
1561,out_of_sample,12,12,1
1562,out_of_sample,12,12,2
1563,out_of_sample,12,12,3
1564,out_of_sample,12,12,4
1565,out_of_sample,12,13,0
1566,out_of_sample,12,13,1
1567,out_of_sample,12,13,2
1568,out_of_sample,12,13,3
1569,out_of_sample,12,13,4
1570,out_of_sample,12,14,0
1571,out_of_sample,12,14,1
1572,out_of_sample,12,14,2
1573,out_of_sample,12,14,3
1574,in_sample,12,14,4
1575,out_of_sample,12,15,0
1576,out_of_sample,12,15,1
1577,out_of_sample,12,15,2
1578,out_of_sample,12,15,3
1579,out_of_sample,12,15,4
1580,out_of_sample,12,16,0
1581,out_of_sample,12,16,1
1582,out_of_sample,12,16,2
1583,out_of_sample,12,16,3
1584,out_of_sample,12,16,4
1585,in_sample,12,17,0
1586,out_of_sample,12,17,1
1587,out_of_sample,12,17,2
1588,out_of_sample,12,17,3
1589,out_of_sample,12,17,4
1590,out_of_sample,12,18,0
1591,out_of_sample,12,18,1
1592,out_of_sample,12,18,2
1593,out_of_sample,12,18,3
1594,out_of_sample,12,18,4
1595,out_of_sample,12,19,0
1596,out_of_sample,12,19,1
1597,out_of_sample,12,19,2
1598,out_of_sample,12,19,3
1599,out_of_sample,12,19,4
1600,out_of_sample,12,20,0
1601,out_of_sample,12,20,1
1602,out_of_sample,12,20,2
1603,out_of_sample,12,20,3
1604,out_of_sample,12,20,4
1605,out_of_sample,12,21,0
1606,out_of_sample,12,21,1
1607,out_of_sample,12,21,2
1608,out_of_sample,12,21,3
1609,out_of_sample,12,21,4
1610,out_of_sample,12,22,0
1611,out_of_sample,12,22,1
1612,out_of_sample,12,22,2
1613,out_of_sample,12,22,3
1614,out_of_sample,12,22,4
1615,out_of_sample,12,23,0
1616,out_of_sample,12,23,1
1617,out_of_sample,12,23,2
1618,out_of_sample,12,23,3
1619,out_of_sample,12,23,4
1620,out_of_sample,12,24,0
1621,out_of_sample,12,24,1
1622,out_of_sample,12,24,2
1623,out_of_sample,12,24,3
1624,out_of_sample,12,24,4
1625,out_of_sample,13,0,0
1626,out_of_sample,13,0,1
1627,out_of_sample,13,0,2
1628,out_of_sample,13,0,3
1629,out_of_sample,13,0,4
1630,out_of_sample,13,1,0
1631,out_of_sample,13,1,1
1632,out_of_sample,13,1,2
1633,out_of_sample,13,1,3
1634,out_of_sample,13,1,4
1635,out_of_sample,13,2,0
1636,out_of_sample,13,2,1
1637,out_of_sample,13,2,2
1638,out_of_sample,13,2,3
1639,out_of_sample,13,2,4
1640,out_of_sample,13,3,0
1641,out_of_sample,13,3,1
1642,out_of_sample,13,3,2
1643,out_of_sample,13,3,3
1644,out_of_sample,13,3,4
1645,out_of_sample,13,4,0
1646,out_of_sample,13,4,1
1647,out_of_sample,13,4,2
1648,out_of_sample,13,4,3
1649,out_of_sample,13,4,4
1650,out_of_sample,13,5,0
1651,out_of_sample,13,5,1
1652,in_sample,13,5,2
1653,out_of_sample,13,5,3
1654,out_of_sample,13,5,4
1655,out_of_sample,13,6,0
1656,out_of_sample,13,6,1
1657,out_of_sample,13,6,2
1658,out_of_sample,13,6,3
1659,out_of_sample,13,6,4
1660,out_of_sample,13,7,0
1661,out_of_sample,13,7,1
1662,out_of_sample,13,7,2
1663,out_of_sample,13,7,3
1664,out_of_sample,13,7,4
1665,out_of_sample,13,8,0
1666,out_of_sample,13,8,1
1667,out_of_sample,13,8,2
1668,out_of_sample,13,8,3
1669,out_of_sample,13,8,4
1670,in_sample,13,9,0
1671,out_of_sample,13,9,1
1672,out_of_sample,13,9,2
1673,out_of_sample,13,9,3
1674,out_of_sample,13,9,4
1675,out_of_sample,13,10,0
1676,out_of_sample,13,10,1
1677,out_of_sample,13,10,2
1678,out_of_sample,13,10,3
1679,out_of_sample,13,10,4
1680,out_of_sample,13,11,0
1681,out_of_sample,13,11,1
1682,in_sample,13,11,2
1683,out_of_sample,13,11,3
1684,out_of_sample,13,11,4
1685,out_of_sample,13,12,0
1686,out_of_sample,13,12,1
1687,out_of_sample,13,12,2
1688,out_of_sample,13,12,3
1689,out_of_sample,13,12,4
1690,out_of_sample,13,13,0
1691,out_of_sample,13,13,1
1692,out_of_sample,13,13,2
1693,out_of_sample,13,13,3
1694,out_of_sample,13,13,4
1695,out_of_sample,13,14,0
1696,out_of_sample,13,14,1
1697,out_of_sample,13,14,2
1698,out_of_sample,13,14,3
1699,out_of_sample,13,14,4
1700,out_of_sample,13,15,0
1701,out_of_sample,13,15,1
1702,out_of_sample,13,15,2
1703,out_of_sample,13,15,3
1704,out_of_sample,13,15,4
1705,out_of_sample,13,16,0
1706,out_of_sample,13,16,1
1707,out_of_sample,13,16,2
1708,out_of_sample,13,16,3
1709,out_of_sample,13,16,4
1710,out_of_sample,13,17,0
1711,out_of_sample,13,17,1
1712,out_of_sample,13,17,2
1713,out_of_sample,13,17,3
1714,out_of_sample,13,17,4
1715,out_of_sample,13,18,0
1716,out_of_sample,13,18,1
1717,out_of_sample,13,18,2
1718,out_of_sample,13,18,3
1719,out_of_sample,13,18,4
1720,out_of_sample,13,19,0
1721,out_of_sample,13,19,1
1722,out_of_sample,13,19,2
1723,out_of_sample,13,19,3
1724,out_of_sample,13,19,4
1725,out_of_sample,13,20,0
1726,out_of_sample,13,20,1
1727,out_of_sample,13,20,2
1728,out_of_sample,13,20,3
1729,in_sample,13,20,4
1730,out_of_sample,13,21,0
1731,out_of_sample,13,21,1
1732,out_of_sample,13,21,2
1733,out_of_sample,13,21,3
1734,out_of_sample,13,21,4
1735,out_of_sample,13,22,0
1736,out_of_sample,13,22,1
1737,out_of_sample,13,22,2
1738,in_sample,13,22,3
1739,out_of_sample,13,22,4
1740,out_of_sample,13,23,0
1741,out_of_sample,13,23,1
1742,out_of_sample,13,23,2
1743,out_of_sample,13,23,3
1744,out_of_sample,13,23,4
1745,out_of_sample,13,24,0
1746,out_of_sample,13,24,1
1747,out_of_sample,13,24,2
1748,out_of_sample,13,24,3
1749,out_of_sample,13,24,4
1750,out_of_sample,14,0,0
1751,out_of_sample,14,0,1
1752,out_of_sample,14,0,2
1753,out_of_sample,14,0,3
1754,out_of_sample,14,0,4
1755,out_of_sample,14,1,0
1756,out_of_sample,14,1,1
1757,out_of_sample,14,1,2
1758,out_of_sample,14,1,3
1759,out_of_sample,14,1,4
1760,out_of_sample,14,2,0
1761,out_of_sample,14,2,1
1762,out_of_sample,14,2,2
1763,out_of_sample,14,2,3
1764,out_of_sample,14,2,4
1765,out_of_sample,14,3,0
1766,out_of_sample,14,3,1
1767,out_of_sample,14,3,2
1768,out_of_sample,14,3,3
1769,out_of_sample,14,3,4
1770,out_of_sample,14,4,0
1771,out_of_sample,14,4,1
1772,in_sample,14,4,2
1773,out_of_sample,14,4,3
1774,out_of_sample,14,4,4
1775,out_of_sample,14,5,0
1776,out_of_sample,14,5,1
1777,out_of_sample,14,5,2
1778,out_of_sample,14,5,3
1779,out_of_sample,14,5,4
1780,out_of_sample,14,6,0
1781,out_of_sample,14,6,1
1782,out_of_sample,14,6,2
1783,out_of_sample,14,6,3
1784,out_of_sample,14,6,4
1785,out_of_sample,14,7,0
1786,out_of_sample,14,7,1
1787,out_of_sample,14,7,2
1788,out_of_sample,14,7,3
1789,out_of_sample,14,7,4
1790,out_of_sample,14,8,0
1791,out_of_sample,14,8,1
1792,out_of_sample,14,8,2
1793,out_of_sample,14,8,3
1794,out_of_sample,14,8,4
1795,out_of_sample,14,9,0
1796,out_of_sample,14,9,1
1797,out_of_sample,14,9,2
1798,out_of_sample,14,9,3
1799,out_of_sample,14,9,4
1800,out_of_sample,14,10,0
1801,out_of_sample,14,10,1
1802,out_of_sample,14,10,2
1803,out_of_sample,14,10,3
1804,out_of_sample,14,10,4
1805,out_of_sample,14,11,0
1806,out_of_sample,14,11,1
1807,out_of_sample,14,11,2
1808,out_of_sample,14,11,3
1809,out_of_sample,14,11,4
1810,out_of_sample,14,12,0
1811,out_of_sample,14,12,1
1812,out_of_sample,14,12,2
1813,out_of_sample,14,12,3
1814,out_of_sample,14,12,4
1815,out_of_sample,14,13,0
1816,out_of_sample,14,13,1
1817,out_of_sample,14,13,2
1818,out_of_sample,14,13,3
1819,out_of_sample,14,13,4
1820,out_of_sample,14,14,0
1821,out_of_sample,14,14,1
1822,out_of_sample,14,14,2
1823,out_of_sample,14,14,3
1824,out_of_sample,14,14,4
1825,out_of_sample,14,15,0
1826,out_of_sample,14,15,1
1827,out_of_sample,14,15,2
1828,out_of_sample,14,15,3
1829,out_of_sample,14,15,4
1830,out_of_sample,14,16,0
1831,out_of_sample,14,16,1
1832,out_of_sample,14,16,2
1833,out_of_sample,14,16,3
1834,out_of_sample,14,16,4
1835,out_of_sample,14,17,0
1836,out_of_sample,14,17,1
1837,out_of_sample,14,17,2
1838,out_of_sample,14,17,3
1839,out_of_sample,14,17,4
1840,out_of_sample,14,18,0
1841,out_of_sample,14,18,1
1842,out_of_sample,14,18,2
1843,out_of_sample,14,18,3
1844,out_of_sample,14,18,4
1845,out_of_sample,14,19,0
1846,out_of_sample,14,19,1
1847,out_of_sample,14,19,2
1848,out_of_sample,14,19,3
1849,out_of_sample,14,19,4
1850,out_of_sample,14,20,0
1851,out_of_sample,14,20,1
1852,out_of_sample,14,20,2
1853,out_of_sample,14,20,3
1854,out_of_sample,14,20,4
1855,out_of_sample,14,21,0
1856,out_of_sample,14,21,1
1857,out_of_sample,14,21,2
1858,out_of_sample,14,21,3
1859,out_of_sample,14,21,4
1860,out_of_sample,14,22,0
1861,out_of_sample,14,22,1
1862,out_of_sample,14,22,2
1863,out_of_sample,14,22,3
1864,out_of_sample,14,22,4
1865,out_of_sample,14,23,0
1866,out_of_sample,14,23,1
1867,out_of_sample,14,23,2
1868,out_of_sample,14,23,3
1869,out_of_sample,14,23,4
1870,out_of_sample,14,24,0
1871,out_of_sample,14,24,1
1872,out_of_sample,14,24,2
1873,out_of_sample,14,24,3
1874,out_of_sample,14,24,4
1875,out_of_sample,15,0,0
1876,out_of_sample,15,0,1
1877,out_of_sample,15,0,2
1878,out_of_sample,15,0,3
1879,out_of_sample,15,0,4
1880,out_of_sample,15,1,0
1881,out_of_sample,15,1,1
1882,out_of_sample,15,1,2
1883,out_of_sample,15,1,3
1884,out_of_sample,15,1,4
1885,out_of_sample,15,2,0
1886,out_of_sample,15,2,1
1887,out_of_sample,15,2,2
1888,out_of_sample,15,2,3
1889,out_of_sample,15,2,4
1890,out_of_sample,15,3,0
1891,out_of_sample,15,3,1
1892,out_of_sample,15,3,2
1893,out_of_sample,15,3,3
1894,out_of_sample,15,3,4
1895,out_of_sample,15,4,0
1896,out_of_sample,15,4,1
1897,out_of_sample,15,4,2
1898,out_of_sample,15,4,3
1899,out_of_sample,15,4,4
1900,out_of_sample,15,5,0
1901,out_of_sample,15,5,1
1902,out_of_sample,15,5,2
1903,out_of_sample,15,5,3
1904,out_of_sample,15,5,4
1905,out_of_sample,15,6,0
1906,out_of_sample,15,6,1
1907,out_of_sample,15,6,2
1908,out_of_sample,15,6,3
1909,out_of_sample,15,6,4
1910,out_of_sample,15,7,0
1911,out_of_sample,15,7,1
1912,out_of_sample,15,7,2
1913,out_of_sample,15,7,3
1914,out_of_sample,15,7,4
1915,out_of_sample,15,8,0
1916,out_of_sample,15,8,1
1917,out_of_sample,15,8,2
1918,out_of_sample,15,8,3
1919,out_of_sample,15,8,4
1920,in_sample,15,9,0
1921,out_of_sample,15,9,1
1922,out_of_sample,15,9,2
1923,out_of_sample,15,9,3
1924,out_of_sample,15,9,4
1925,out_of_sample,15,10,0
1926,out_of_sample,15,10,1
1927,out_of_sample,15,10,2
1928,out_of_sample,15,10,3
1929,out_of_sample,15,10,4
1930,out_of_sample,15,11,0
1931,out_of_sample,15,11,1
1932,out_of_sample,15,11,2
1933,out_of_sample,15,11,3
1934,out_of_sample,15,11,4
1935,out_of_sample,15,12,0
1936,out_of_sample,15,12,1
1937,out_of_sample,15,12,2
1938,out_of_sample,15,12,3
1939,out_of_sample,15,12,4
1940,out_of_sample,15,13,0
1941,out_of_sample,15,13,1
1942,in_sample,15,13,2
1943,out_of_sample,15,13,3
1944,out_of_sample,15,13,4
1945,out_of_sample,15,14,0
1946,out_of_sample,15,14,1
1947,out_of_sample,15,14,2
1948,in_sample,15,14,3
1949,out_of_sample,15,14,4
1950,out_of_sample,15,15,0
1951,out_of_sample,15,15,1
1952,out_of_sample,15,15,2
1953,out_of_sample,15,15,3
1954,out_of_sample,15,15,4
1955,out_of_sample,15,16,0
1956,out_of_sample,15,16,1
1957,out_of_sample,15,16,2
1958,out_of_sample,15,16,3
1959,out_of_sample,15,16,4
1960,out_of_sample,15,17,0
1961,out_of_sample,15,17,1
1962,out_of_sample,15,17,2
1963,out_of_sample,15,17,3
1964,out_of_sample,15,17,4
1965,in_sample,15,18,0
1966,out_of_sample,15,18,1
1967,out_of_sample,15,18,2
1968,out_of_sample,15,18,3
1969,out_of_sample,15,18,4
1970,out_of_sample,15,19,0
1971,out_of_sample,15,19,1
1972,out_of_sample,15,19,2
1973,in_sample,15,19,3
1974,out_of_sample,15,19,4
1975,out_of_sample,15,20,0
1976,out_of_sample,15,20,1
1977,out_of_sample,15,20,2
1978,out_of_sample,15,20,3
1979,out_of_sample,15,20,4
1980,out_of_sample,15,21,0
1981,out_of_sample,15,21,1
1982,out_of_sample,15,21,2
1983,out_of_sample,15,21,3
1984,out_of_sample,15,21,4
1985,out_of_sample,15,22,0
1986,out_of_sample,15,22,1
1987,out_of_sample,15,22,2
1988,out_of_sample,15,22,3
1989,out_of_sample,15,22,4
1990,out_of_sample,15,23,0
1991,out_of_sample,15,23,1
1992,out_of_sample,15,23,2
1993,out_of_sample,15,23,3
1994,out_of_sample,15,23,4
1995,out_of_sample,15,24,0
1996,out_of_sample,15,24,1
1997,out_of_sample,15,24,2
1998,out_of_sample,15,24,3
1999,out_of_sample,15,24,4
2000,out_of_sample,16,0,0
2001,out_of_sample,16,0,1
2002,out_of_sample,16,0,2
2003,out_of_sample,16,0,3
2004,out_of_sample,16,0,4
2005,out_of_sample,16,1,0
2006,out_of_sample,16,1,1
2007,out_of_sample,16,1,2
2008,out_of_sample,16,1,3
2009,out_of_sample,16,1,4
2010,out_of_sample,16,2,0
2011,out_of_sample,16,2,1
2012,out_of_sample,16,2,2
2013,out_of_sample,16,2,3
2014,out_of_sample,16,2,4
2015,out_of_sample,16,3,0
2016,out_of_sample,16,3,1
2017,out_of_sample,16,3,2
2018,out_of_sample,16,3,3
2019,out_of_sample,16,3,4
2020,out_of_sample,16,4,0
2021,out_of_sample,16,4,1
2022,out_of_sample,16,4,2
2023,out_of_sample,16,4,3
2024,out_of_sample,16,4,4
2025,out_of_sample,16,5,0
2026,out_of_sample,16,5,1
2027,out_of_sample,16,5,2
2028,out_of_sample,16,5,3
2029,out_of_sample,16,5,4
2030,out_of_sample,16,6,0
2031,out_of_sample,16,6,1
2032,out_of_sample,16,6,2
2033,out_of_sample,16,6,3
2034,out_of_sample,16,6,4
2035,out_of_sample,16,7,0
2036,out_of_sample,16,7,1
2037,out_of_sample,16,7,2
2038,out_of_sample,16,7,3
2039,out_of_sample,16,7,4
2040,out_of_sample,16,8,0
2041,out_of_sample,16,8,1
2042,out_of_sample,16,8,2
2043,in_sample,16,8,3
2044,out_of_sample,16,8,4
2045,out_of_sample,16,9,0
2046,out_of_sample,16,9,1
2047,out_of_sample,16,9,2
2048,out_of_sample,16,9,3
2049,out_of_sample,16,9,4
2050,out_of_sample,16,10,0
2051,out_of_sample,16,10,1
2052,out_of_sample,16,10,2
2053,out_of_sample,16,10,3
2054,out_of_sample,16,10,4
2055,out_of_sample,16,11,0
2056,out_of_sample,16,11,1
2057,out_of_sample,16,11,2
2058,out_of_sample,16,11,3
2059,out_of_sample,16,11,4
2060,out_of_sample,16,12,0
2061,out_of_sample,16,12,1
2062,out_of_sample,16,12,2
2063,in_sample,16,12,3
2064,out_of_sample,16,12,4
2065,out_of_sample,16,13,0
2066,in_sample,16,13,1
2067,out_of_sample,16,13,2
2068,out_of_sample,16,13,3
2069,out_of_sample,16,13,4
2070,out_of_sample,16,14,0
2071,out_of_sample,16,14,1
2072,out_of_sample,16,14,2
2073,out_of_sample,16,14,3
2074,out_of_sample,16,14,4
2075,out_of_sample,16,15,0
2076,out_of_sample,16,15,1
2077,out_of_sample,16,15,2
2078,out_of_sample,16,15,3
2079,out_of_sample,16,15,4
2080,out_of_sample,16,16,0
2081,out_of_sample,16,16,1
2082,out_of_sample,16,16,2
2083,out_of_sample,16,16,3
2084,out_of_sample,16,16,4
2085,out_of_sample,16,17,0
2086,in_sample,16,17,1
2087,out_of_sample,16,17,2
2088,out_of_sample,16,17,3
2089,out_of_sample,16,17,4
2090,in_sample,16,18,0
2091,out_of_sample,16,18,1
2092,out_of_sample,16,18,2
2093,out_of_sample,16,18,3
2094,out_of_sample,16,18,4
2095,out_of_sample,16,19,0
2096,out_of_sample,16,19,1
2097,in_sample,16,19,2
2098,out_of_sample,16,19,3
2099,out_of_sample,16,19,4
2100,out_of_sample,16,20,0
2101,out_of_sample,16,20,1
2102,out_of_sample,16,20,2
2103,out_of_sample,16,20,3
2104,out_of_sample,16,20,4
2105,out_of_sample,16,21,0
2106,out_of_sample,16,21,1
2107,out_of_sample,16,21,2
2108,out_of_sample,16,21,3
2109,out_of_sample,16,21,4
2110,in_sample,16,22,0
2111,out_of_sample,16,22,1
2112,out_of_sample,16,22,2
2113,out_of_sample,16,22,3
2114,in_sample,16,22,4
2115,out_of_sample,16,23,0
2116,out_of_sample,16,23,1
2117,out_of_sample,16,23,2
2118,out_of_sample,16,23,3
2119,out_of_sample,16,23,4
2120,out_of_sample,16,24,0
2121,out_of_sample,16,24,1
2122,out_of_sample,16,24,2
2123,out_of_sample,16,24,3
2124,out_of_sample,16,24,4
2125,out_of_sample,17,0,0
2126,out_of_sample,17,0,1
2127,out_of_sample,17,0,2
2128,out_of_sample,17,0,3
2129,out_of_sample,17,0,4
2130,out_of_sample,17,1,0
2131,in_sample,17,1,1
2132,out_of_sample,17,1,2
2133,out_of_sample,17,1,3
2134,out_of_sample,17,1,4
2135,out_of_sample,17,2,0
2136,out_of_sample,17,2,1
2137,out_of_sample,17,2,2
2138,out_of_sample,17,2,3
2139,out_of_sample,17,2,4
2140,out_of_sample,17,3,0
2141,out_of_sample,17,3,1
2142,out_of_sample,17,3,2
2143,out_of_sample,17,3,3
2144,out_of_sample,17,3,4
2145,out_of_sample,17,4,0
2146,out_of_sample,17,4,1
2147,out_of_sample,17,4,2
2148,out_of_sample,17,4,3
2149,out_of_sample,17,4,4
2150,out_of_sample,17,5,0
2151,out_of_sample,17,5,1
2152,out_of_sample,17,5,2
2153,out_of_sample,17,5,3
2154,out_of_sample,17,5,4
2155,out_of_sample,17,6,0
2156,out_of_sample,17,6,1
2157,out_of_sample,17,6,2
2158,out_of_sample,17,6,3
2159,out_of_sample,17,6,4
2160,out_of_sample,17,7,0
2161,in_sample,17,7,1
2162,out_of_sample,17,7,2
2163,in_sample,17,7,3
2164,out_of_sample,17,7,4
2165,out_of_sample,17,8,0
2166,out_of_sample,17,8,1
2167,out_of_sample,17,8,2
2168,out_of_sample,17,8,3
2169,out_of_sample,17,8,4
2170,out_of_sample,17,9,0
2171,out_of_sample,17,9,1
2172,out_of_sample,17,9,2
2173,out_of_sample,17,9,3
2174,out_of_sample,17,9,4
2175,out_of_sample,17,10,0
2176,out_of_sample,17,10,1
2177,out_of_sample,17,10,2
2178,out_of_sample,17,10,3
2179,out_of_sample,17,10,4
2180,out_of_sample,17,11,0
2181,out_of_sample,17,11,1
2182,out_of_sample,17,11,2
2183,out_of_sample,17,11,3
2184,out_of_sample,17,11,4
2185,out_of_sample,17,12,0
2186,out_of_sample,17,12,1
2187,out_of_sample,17,12,2
2188,out_of_sample,17,12,3
2189,out_of_sample,17,12,4
2190,out_of_sample,17,13,0
2191,out_of_sample,17,13,1
2192,out_of_sample,17,13,2
2193,in_sample,17,13,3
2194,out_of_sample,17,13,4
2195,out_of_sample,17,14,0
2196,out_of_sample,17,14,1
2197,out_of_sample,17,14,2
2198,out_of_sample,17,14,3
2199,out_of_sample,17,14,4
2200,out_of_sample,17,15,0
2201,out_of_sample,17,15,1
2202,out_of_sample,17,15,2
2203,out_of_sample,17,15,3
2204,out_of_sample,17,15,4
2205,out_of_sample,17,16,0
2206,out_of_sample,17,16,1
2207,out_of_sample,17,16,2
2208,out_of_sample,17,16,3
2209,out_of_sample,17,16,4
2210,out_of_sample,17,17,0
2211,out_of_sample,17,17,1
2212,out_of_sample,17,17,2
2213,out_of_sample,17,17,3
2214,out_of_sample,17,17,4
2215,out_of_sample,17,18,0
2216,in_sample,17,18,1
2217,out_of_sample,17,18,2
2218,out_of_sample,17,18,3
2219,out_of_sample,17,18,4
2220,out_of_sample,17,19,0
2221,out_of_sample,17,19,1
2222,out_of_sample,17,19,2
2223,out_of_sample,17,19,3
2224,out_of_sample,17,19,4
2225,out_of_sample,17,20,0
2226,out_of_sample,17,20,1
2227,out_of_sample,17,20,2
2228,out_of_sample,17,20,3
2229,out_of_sample,17,20,4
2230,out_of_sample,17,21,0
2231,out_of_sample,17,21,1
2232,out_of_sample,17,21,2
2233,out_of_sample,17,21,3
2234,out_of_sample,17,21,4
2235,out_of_sample,17,22,0
2236,out_of_sample,17,22,1
2237,out_of_sample,17,22,2
2238,out_of_sample,17,22,3
2239,out_of_sample,17,22,4
2240,out_of_sample,17,23,0
2241,out_of_sample,17,23,1
2242,out_of_sample,17,23,2
2243,out_of_sample,17,23,3
2244,out_of_sample,17,23,4
2245,out_of_sample,17,24,0
2246,out_of_sample,17,24,1
2247,out_of_sample,17,24,2
2248,out_of_sample,17,24,3
2249,out_of_sample,17,24,4
2250,out_of_sample,18,0,0
2251,out_of_sample,18,0,1
2252,out_of_sample,18,0,2
2253,out_of_sample,18,0,3
2254,out_of_sample,18,0,4
2255,out_of_sample,18,1,0
2256,out_of_sample,18,1,1
2257,out_of_sample,18,1,2
2258,out_of_sample,18,1,3
2259,out_of_sample,18,1,4
2260,out_of_sample,18,2,0
2261,out_of_sample,18,2,1
2262,out_of_sample,18,2,2
2263,out_of_sample,18,2,3
2264,out_of_sample,18,2,4
2265,out_of_sample,18,3,0
2266,out_of_sample,18,3,1
2267,out_of_sample,18,3,2
2268,out_of_sample,18,3,3
2269,out_of_sample,18,3,4
2270,out_of_sample,18,4,0
2271,out_of_sample,18,4,1
2272,out_of_sample,18,4,2
2273,in_sample,18,4,3
2274,out_of_sample,18,4,4
2275,out_of_sample,18,5,0
2276,out_of_sample,18,5,1
2277,out_of_sample,18,5,2
2278,out_of_sample,18,5,3
2279,out_of_sample,18,5,4
2280,in_sample,18,6,0
2281,out_of_sample,18,6,1
2282,out_of_sample,18,6,2
2283,out_of_sample,18,6,3
2284,out_of_sample,18,6,4
2285,out_of_sample,18,7,0
2286,out_of_sample,18,7,1
2287,out_of_sample,18,7,2
2288,out_of_sample,18,7,3
2289,out_of_sample,18,7,4
2290,out_of_sample,18,8,0
2291,out_of_sample,18,8,1
2292,out_of_sample,18,8,2
2293,out_of_sample,18,8,3
2294,in_sample,18,8,4
2295,out_of_sample,18,9,0
2296,out_of_sample,18,9,1
2297,out_of_sample,18,9,2
2298,out_of_sample,18,9,3
2299,out_of_sample,18,9,4
2300,out_of_sample,18,10,0
2301,out_of_sample,18,10,1
2302,out_of_sample,18,10,2
2303,out_of_sample,18,10,3
2304,out_of_sample,18,10,4
2305,out_of_sample,18,11,0
2306,in_sample,18,11,1
2307,out_of_sample,18,11,2
2308,out_of_sample,18,11,3
2309,out_of_sample,18,11,4
2310,out_of_sample,18,12,0
2311,out_of_sample,18,12,1
2312,out_of_sample,18,12,2
2313,out_of_sample,18,12,3
2314,out_of_sample,18,12,4
2315,out_of_sample,18,13,0
2316,out_of_sample,18,13,1
2317,out_of_sample,18,13,2
2318,in_sample,18,13,3
2319,out_of_sample,18,13,4
2320,out_of_sample,18,14,0
2321,out_of_sample,18,14,1
2322,out_of_sample,18,14,2
2323,in_sample,18,14,3
2324,out_of_sample,18,14,4
2325,out_of_sample,18,15,0
2326,out_of_sample,18,15,1
2327,out_of_sample,18,15,2
2328,out_of_sample,18,15,3
2329,out_of_sample,18,15,4
2330,out_of_sample,18,16,0
2331,out_of_sample,18,16,1
2332,out_of_sample,18,16,2
2333,out_of_sample,18,16,3
2334,out_of_sample,18,16,4
2335,out_of_sample,18,17,0
2336,out_of_sample,18,17,1
2337,out_of_sample,18,17,2
2338,out_of_sample,18,17,3
2339,out_of_sample,18,17,4
2340,out_of_sample,18,18,0
2341,out_of_sample,18,18,1
2342,out_of_sample,18,18,2
2343,out_of_sample,18,18,3
2344,out_of_sample,18,18,4
2345,out_of_sample,18,19,0
2346,out_of_sample,18,19,1
2347,out_of_sample,18,19,2
2348,out_of_sample,18,19,3
2349,out_of_sample,18,19,4
2350,out_of_sample,18,20,0
2351,out_of_sample,18,20,1
2352,out_of_sample,18,20,2
2353,out_of_sample,18,20,3
2354,out_of_sample,18,20,4
2355,out_of_sample,18,21,0
2356,out_of_sample,18,21,1
2357,out_of_sample,18,21,2
2358,out_of_sample,18,21,3
2359,out_of_sample,18,21,4
2360,out_of_sample,18,22,0
2361,out_of_sample,18,22,1
2362,out_of_sample,18,22,2
2363,out_of_sample,18,22,3
2364,in_sample,18,22,4
2365,out_of_sample,18,23,0
2366,out_of_sample,18,23,1
2367,out_of_sample,18,23,2
2368,out_of_sample,18,23,3
2369,out_of_sample,18,23,4
2370,in_sample,18,24,0
2371,in_sample,18,24,1
2372,out_of_sample,18,24,2
2373,out_of_sample,18,24,3
2374,in_sample,18,24,4
2375,out_of_sample,19,0,0
2376,out_of_sample,19,0,1
2377,out_of_sample,19,0,2
2378,out_of_sample,19,0,3
2379,out_of_sample,19,0,4
2380,out_of_sample,19,1,0
2381,out_of_sample,19,1,1
2382,out_of_sample,19,1,2
2383,out_of_sample,19,1,3
2384,out_of_sample,19,1,4
2385,out_of_sample,19,2,0
2386,out_of_sample,19,2,1
2387,out_of_sample,19,2,2
2388,out_of_sample,19,2,3
2389,out_of_sample,19,2,4
2390,out_of_sample,19,3,0
2391,out_of_sample,19,3,1
2392,out_of_sample,19,3,2
2393,out_of_sample,19,3,3
2394,out_of_sample,19,3,4
2395,out_of_sample,19,4,0
2396,out_of_sample,19,4,1
2397,out_of_sample,19,4,2
2398,out_of_sample,19,4,3
2399,out_of_sample,19,4,4
2400,out_of_sample,19,5,0
2401,out_of_sample,19,5,1
2402,out_of_sample,19,5,2
2403,out_of_sample,19,5,3
2404,out_of_sample,19,5,4
2405,out_of_sample,19,6,0
2406,out_of_sample,19,6,1
2407,out_of_sample,19,6,2
2408,out_of_sample,19,6,3
2409,out_of_sample,19,6,4
2410,out_of_sample,19,7,0
2411,out_of_sample,19,7,1
2412,out_of_sample,19,7,2
2413,out_of_sample,19,7,3
2414,out_of_sample,19,7,4
2415,out_of_sample,19,8,0
2416,out_of_sample,19,8,1
2417,out_of_sample,19,8,2
2418,out_of_sample,19,8,3
2419,out_of_sample,19,8,4
2420,out_of_sample,19,9,0
2421,out_of_sample,19,9,1
2422,out_of_sample,19,9,2
2423,out_of_sample,19,9,3
2424,in_sample,19,9,4
2425,out_of_sample,19,10,0
2426,out_of_sample,19,10,1
2427,out_of_sample,19,10,2
2428,out_of_sample,19,10,3
2429,in_sample,19,10,4
2430,out_of_sample,19,11,0
2431,out_of_sample,19,11,1
2432,out_of_sample,19,11,2
2433,out_of_sample,19,11,3
2434,out_of_sample,19,11,4
2435,out_of_sample,19,12,0
2436,out_of_sample,19,12,1
2437,out_of_sample,19,12,2
2438,out_of_sample,19,12,3
2439,out_of_sample,19,12,4
2440,out_of_sample,19,13,0
2441,out_of_sample,19,13,1
2442,out_of_sample,19,13,2
2443,in_sample,19,13,3
2444,in_sample,19,13,4
2445,out_of_sample,19,14,0
2446,out_of_sample,19,14,1
2447,out_of_sample,19,14,2
2448,out_of_sample,19,14,3
2449,out_of_sample,19,14,4
2450,out_of_sample,19,15,0
2451,out_of_sample,19,15,1
2452,out_of_sample,19,15,2
2453,out_of_sample,19,15,3
2454,out_of_sample,19,15,4
2455,out_of_sample,19,16,0
2456,out_of_sample,19,16,1
2457,out_of_sample,19,16,2
2458,out_of_sample,19,16,3
2459,out_of_sample,19,16,4
2460,out_of_sample,19,17,0
2461,out_of_sample,19,17,1
2462,out_of_sample,19,17,2
2463,out_of_sample,19,17,3
2464,out_of_sample,19,17,4
2465,out_of_sample,19,18,0
2466,out_of_sample,19,18,1
2467,out_of_sample,19,18,2
2468,out_of_sample,19,18,3
2469,out_of_sample,19,18,4
2470,out_of_sample,19,19,0
2471,out_of_sample,19,19,1
2472,out_of_sample,19,19,2
2473,out_of_sample,19,19,3
2474,in_sample,19,19,4
2475,out_of_sample,19,20,0
2476,out_of_sample,19,20,1
2477,out_of_sample,19,20,2
2478,out_of_sample,19,20,3
2479,out_of_sample,19,20,4
2480,out_of_sample,19,21,0
2481,out_of_sample,19,21,1
2482,out_of_sample,19,21,2
2483,out_of_sample,19,21,3
2484,out_of_sample,19,21,4
2485,out_of_sample,19,22,0
2486,out_of_sample,19,22,1
2487,out_of_sample,19,22,2
2488,in_sample,19,22,3
2489,out_of_sample,19,22,4
2490,out_of_sample,19,23,0
2491,in_sample,19,23,1
2492,out_of_sample,19,23,2
2493,out_of_sample,19,23,3
2494,out_of_sample,19,23,4
2495,out_of_sample,19,24,0
2496,out_of_sample,19,24,1
2497,in_sample,19,24,2
2498,out_of_sample,19,24,3
2499,out_of_sample,19,24,4
2500,out_of_sample,20,0,0
2501,out_of_sample,20,0,1
2502,out_of_sample,20,0,2
2503,out_of_sample,20,0,3
2504,out_of_sample,20,0,4
2505,out_of_sample,20,1,0
2506,out_of_sample,20,1,1
2507,out_of_sample,20,1,2
2508,out_of_sample,20,1,3
2509,out_of_sample,20,1,4
2510,out_of_sample,20,2,0
2511,out_of_sample,20,2,1
2512,out_of_sample,20,2,2
2513,out_of_sample,20,2,3
2514,in_sample,20,2,4
2515,out_of_sample,20,3,0
2516,out_of_sample,20,3,1
2517,out_of_sample,20,3,2
2518,out_of_sample,20,3,3
2519,out_of_sample,20,3,4
2520,out_of_sample,20,4,0
2521,out_of_sample,20,4,1
2522,out_of_sample,20,4,2
2523,out_of_sample,20,4,3
2524,out_of_sample,20,4,4
2525,out_of_sample,20,5,0
2526,out_of_sample,20,5,1
2527,out_of_sample,20,5,2
2528,out_of_sample,20,5,3
2529,out_of_sample,20,5,4
2530,out_of_sample,20,6,0
2531,out_of_sample,20,6,1
2532,out_of_sample,20,6,2
2533,out_of_sample,20,6,3
2534,out_of_sample,20,6,4
2535,in_sample,20,7,0
2536,out_of_sample,20,7,1
2537,out_of_sample,20,7,2
2538,out_of_sample,20,7,3
2539,out_of_sample,20,7,4
2540,out_of_sample,20,8,0
2541,out_of_sample,20,8,1
2542,out_of_sample,20,8,2
2543,out_of_sample,20,8,3
2544,out_of_sample,20,8,4
2545,out_of_sample,20,9,0
2546,out_of_sample,20,9,1
2547,out_of_sample,20,9,2
2548,out_of_sample,20,9,3
2549,out_of_sample,20,9,4
2550,out_of_sample,20,10,0
2551,out_of_sample,20,10,1
2552,out_of_sample,20,10,2
2553,out_of_sample,20,10,3
2554,out_of_sample,20,10,4
2555,out_of_sample,20,11,0
2556,out_of_sample,20,11,1
2557,out_of_sample,20,11,2
2558,out_of_sample,20,11,3
2559,out_of_sample,20,11,4
2560,out_of_sample,20,12,0
2561,out_of_sample,20,12,1
2562,out_of_sample,20,12,2
2563,out_of_sample,20,12,3
2564,out_of_sample,20,12,4
2565,out_of_sample,20,13,0
2566,out_of_sample,20,13,1
2567,in_sample,20,13,2
2568,out_of_sample,20,13,3
2569,out_of_sample,20,13,4
2570,out_of_sample,20,14,0
2571,in_sample,20,14,1
2572,out_of_sample,20,14,2
2573,out_of_sample,20,14,3
2574,out_of_sample,20,14,4
2575,out_of_sample,20,15,0
2576,out_of_sample,20,15,1
2577,out_of_sample,20,15,2
2578,out_of_sample,20,15,3
2579,out_of_sample,20,15,4
2580,in_sample,20,16,0
2581,out_of_sample,20,16,1
2582,in_sample,20,16,2
2583,out_of_sample,20,16,3
2584,out_of_sample,20,16,4
2585,out_of_sample,20,17,0
2586,out_of_sample,20,17,1
2587,out_of_sample,20,17,2
2588,out_of_sample,20,17,3
2589,out_of_sample,20,17,4
2590,out_of_sample,20,18,0
2591,out_of_sample,20,18,1
2592,out_of_sample,20,18,2
2593,out_of_sample,20,18,3
2594,out_of_sample,20,18,4
2595,out_of_sample,20,19,0
2596,out_of_sample,20,19,1
2597,out_of_sample,20,19,2
2598,out_of_sample,20,19,3
2599,out_of_sample,20,19,4
2600,out_of_sample,20,20,0
2601,out_of_sample,20,20,1
2602,out_of_sample,20,20,2
2603,in_sample,20,20,3
2604,out_of_sample,20,20,4
2605,out_of_sample,20,21,0
2606,in_sample,20,21,1
2607,out_of_sample,20,21,2
2608,out_of_sample,20,21,3
2609,out_of_sample,20,21,4
2610,out_of_sample,20,22,0
2611,out_of_sample,20,22,1
2612,out_of_sample,20,22,2
2613,out_of_sample,20,22,3
2614,out_of_sample,20,22,4
2615,out_of_sample,20,23,0
2616,out_of_sample,20,23,1
2617,out_of_sample,20,23,2
2618,out_of_sample,20,23,3
2619,out_of_sample,20,23,4
2620,out_of_sample,20,24,0
2621,out_of_sample,20,24,1
2622,out_of_sample,20,24,2
2623,out_of_sample,20,24,3
2624,out_of_sample,20,24,4
2625,out_of_sample,21,0,0
2626,out_of_sample,21,0,1
2627,out_of_sample,21,0,2
2628,out_of_sample,21,0,3
2629,out_of_sample,21,0,4
2630,out_of_sample,21,1,0
2631,out_of_sample,21,1,1
2632,out_of_sample,21,1,2
2633,out_of_sample,21,1,3
2634,out_of_sample,21,1,4
2635,out_of_sample,21,2,0
2636,out_of_sample,21,2,1
2637,out_of_sample,21,2,2
2638,out_of_sample,21,2,3
2639,out_of_sample,21,2,4
2640,out_of_sample,21,3,0
2641,out_of_sample,21,3,1
2642,out_of_sample,21,3,2
2643,out_of_sample,21,3,3
2644,out_of_sample,21,3,4
2645,out_of_sample,21,4,0
2646,out_of_sample,21,4,1
2647,out_of_sample,21,4,2
2648,out_of_sample,21,4,3
2649,out_of_sample,21,4,4
2650,out_of_sample,21,5,0
2651,out_of_sample,21,5,1
2652,out_of_sample,21,5,2
2653,out_of_sample,21,5,3
2654,out_of_sample,21,5,4
2655,out_of_sample,21,6,0
2656,out_of_sample,21,6,1
2657,out_of_sample,21,6,2
2658,out_of_sample,21,6,3
2659,out_of_sample,21,6,4
2660,out_of_sample,21,7,0
2661,out_of_sample,21,7,1
2662,out_of_sample,21,7,2
2663,out_of_sample,21,7,3
2664,out_of_sample,21,7,4
2665,out_of_sample,21,8,0
2666,out_of_sample,21,8,1
2667,out_of_sample,21,8,2
2668,out_of_sample,21,8,3
2669,out_of_sample,21,8,4
2670,out_of_sample,21,9,0
2671,out_of_sample,21,9,1
2672,in_sample,21,9,2
2673,out_of_sample,21,9,3
2674,out_of_sample,21,9,4
2675,out_of_sample,21,10,0
2676,out_of_sample,21,10,1
2677,out_of_sample,21,10,2
2678,out_of_sample,21,10,3
2679,out_of_sample,21,10,4
2680,out_of_sample,21,11,0
2681,out_of_sample,21,11,1
2682,out_of_sample,21,11,2
2683,out_of_sample,21,11,3
2684,out_of_sample,21,11,4
2685,out_of_sample,21,12,0
2686,out_of_sample,21,12,1
2687,out_of_sample,21,12,2
2688,out_of_sample,21,12,3
2689,out_of_sample,21,12,4
2690,out_of_sample,21,13,0
2691,out_of_sample,21,13,1
2692,out_of_sample,21,13,2
2693,out_of_sample,21,13,3
2694,in_sample,21,13,4
2695,out_of_sample,21,14,0
2696,out_of_sample,21,14,1
2697,out_of_sample,21,14,2
2698,out_of_sample,21,14,3
2699,out_of_sample,21,14,4
2700,out_of_sample,21,15,0
2701,out_of_sample,21,15,1
2702,out_of_sample,21,15,2
2703,out_of_sample,21,15,3
2704,out_of_sample,21,15,4
2705,out_of_sample,21,16,0
2706,out_of_sample,21,16,1
2707,out_of_sample,21,16,2
2708,out_of_sample,21,16,3
2709,out_of_sample,21,16,4
2710,out_of_sample,21,17,0
2711,out_of_sample,21,17,1
2712,out_of_sample,21,17,2
2713,out_of_sample,21,17,3
2714,out_of_sample,21,17,4
2715,out_of_sample,21,18,0
2716,out_of_sample,21,18,1
2717,out_of_sample,21,18,2
2718,out_of_sample,21,18,3
2719,out_of_sample,21,18,4
2720,out_of_sample,21,19,0
2721,out_of_sample,21,19,1
2722,in_sample,21,19,2
2723,out_of_sample,21,19,3
2724,out_of_sample,21,19,4
2725,out_of_sample,21,20,0
2726,out_of_sample,21,20,1
2727,out_of_sample,21,20,2
2728,out_of_sample,21,20,3
2729,out_of_sample,21,20,4
2730,out_of_sample,21,21,0
2731,out_of_sample,21,21,1
2732,out_of_sample,21,21,2
2733,out_of_sample,21,21,3
2734,out_of_sample,21,21,4
2735,out_of_sample,21,22,0
2736,out_of_sample,21,22,1
2737,out_of_sample,21,22,2
2738,out_of_sample,21,22,3
2739,out_of_sample,21,22,4
2740,out_of_sample,21,23,0
2741,out_of_sample,21,23,1
2742,out_of_sample,21,23,2
2743,out_of_sample,21,23,3
2744,out_of_sample,21,23,4
2745,out_of_sample,21,24,0
2746,out_of_sample,21,24,1
2747,out_of_sample,21,24,2
2748,out_of_sample,21,24,3
2749,out_of_sample,21,24,4
2750,out_of_sample,22,0,0
2751,out_of_sample,22,0,1
2752,out_of_sample,22,0,2
2753,out_of_sample,22,0,3
2754,out_of_sample,22,0,4
2755,out_of_sample,22,1,0
2756,out_of_sample,22,1,1
2757,out_of_sample,22,1,2
2758,out_of_sample,22,1,3
2759,out_of_sample,22,1,4
2760,out_of_sample,22,2,0
2761,out_of_sample,22,2,1
2762,out_of_sample,22,2,2
2763,out_of_sample,22,2,3
2764,out_of_sample,22,2,4
2765,out_of_sample,22,3,0
2766,out_of_sample,22,3,1
2767,out_of_sample,22,3,2
2768,out_of_sample,22,3,3
2769,out_of_sample,22,3,4
2770,out_of_sample,22,4,0
2771,out_of_sample,22,4,1
2772,out_of_sample,22,4,2
2773,out_of_sample,22,4,3
2774,out_of_sample,22,4,4
2775,out_of_sample,22,5,0
2776,out_of_sample,22,5,1
2777,in_sample,22,5,2
2778,out_of_sample,22,5,3
2779,in_sample,22,5,4
2780,out_of_sample,22,6,0
2781,out_of_sample,22,6,1
2782,out_of_sample,22,6,2
2783,out_of_sample,22,6,3
2784,out_of_sample,22,6,4
2785,out_of_sample,22,7,0
2786,out_of_sample,22,7,1
2787,out_of_sample,22,7,2
2788,out_of_sample,22,7,3
2789,out_of_sample,22,7,4
2790,out_of_sample,22,8,0
2791,out_of_sample,22,8,1
2792,out_of_sample,22,8,2
2793,out_of_sample,22,8,3
2794,out_of_sample,22,8,4
2795,out_of_sample,22,9,0
2796,out_of_sample,22,9,1
2797,out_of_sample,22,9,2
2798,out_of_sample,22,9,3
2799,out_of_sample,22,9,4
2800,out_of_sample,22,10,0
2801,out_of_sample,22,10,1
2802,in_sample,22,10,2
2803,out_of_sample,22,10,3
2804,out_of_sample,22,10,4
2805,out_of_sample,22,11,0
2806,out_of_sample,22,11,1
2807,out_of_sample,22,11,2
2808,out_of_sample,22,11,3
2809,out_of_sample,22,11,4
2810,out_of_sample,22,12,0
2811,out_of_sample,22,12,1
2812,out_of_sample,22,12,2
2813,out_of_sample,22,12,3
2814,out_of_sample,22,12,4
2815,out_of_sample,22,13,0
2816,out_of_sample,22,13,1
2817,out_of_sample,22,13,2
2818,out_of_sample,22,13,3
2819,out_of_sample,22,13,4
2820,out_of_sample,22,14,0
2821,out_of_sample,22,14,1
2822,out_of_sample,22,14,2
2823,in_sample,22,14,3
2824,out_of_sample,22,14,4
2825,out_of_sample,22,15,0
2826,out_of_sample,22,15,1
2827,out_of_sample,22,15,2
2828,out_of_sample,22,15,3
2829,out_of_sample,22,15,4
2830,out_of_sample,22,16,0
2831,out_of_sample,22,16,1
2832,out_of_sample,22,16,2
2833,out_of_sample,22,16,3
2834,out_of_sample,22,16,4
2835,out_of_sample,22,17,0
2836,out_of_sample,22,17,1
2837,out_of_sample,22,17,2
2838,out_of_sample,22,17,3
2839,out_of_sample,22,17,4
2840,out_of_sample,22,18,0
2841,out_of_sample,22,18,1
2842,out_of_sample,22,18,2
2843,out_of_sample,22,18,3
2844,out_of_sample,22,18,4
2845,out_of_sample,22,19,0
2846,out_of_sample,22,19,1
2847,out_of_sample,22,19,2
2848,out_of_sample,22,19,3
2849,out_of_sample,22,19,4
2850,out_of_sample,22,20,0
2851,out_of_sample,22,20,1
2852,out_of_sample,22,20,2
2853,out_of_sample,22,20,3
2854,out_of_sample,22,20,4
2855,out_of_sample,22,21,0
2856,out_of_sample,22,21,1
2857,out_of_sample,22,21,2
2858,out_of_sample,22,21,3
2859,out_of_sample,22,21,4
2860,out_of_sample,22,22,0
2861,out_of_sample,22,22,1
2862,out_of_sample,22,22,2
2863,out_of_sample,22,22,3
2864,out_of_sample,22,22,4
2865,out_of_sample,22,23,0
2866,out_of_sample,22,23,1
2867,out_of_sample,22,23,2
2868,out_of_sample,22,23,3
2869,out_of_sample,22,23,4
2870,out_of_sample,22,24,0
2871,out_of_sample,22,24,1
2872,out_of_sample,22,24,2
2873,out_of_sample,22,24,3
2874,out_of_sample,22,24,4
2875,out_of_sample,23,0,0
2876,out_of_sample,23,0,1
2877,out_of_sample,23,0,2
2878,out_of_sample,23,0,3
2879,out_of_sample,23,0,4
2880,out_of_sample,23,1,0
2881,out_of_sample,23,1,1
2882,out_of_sample,23,1,2
2883,out_of_sample,23,1,3
2884,out_of_sample,23,1,4
2885,out_of_sample,23,2,0
2886,out_of_sample,23,2,1
2887,out_of_sample,23,2,2
2888,out_of_sample,23,2,3
2889,out_of_sample,23,2,4
2890,out_of_sample,23,3,0
2891,out_of_sample,23,3,1
2892,out_of_sample,23,3,2
2893,out_of_sample,23,3,3
2894,out_of_sample,23,3,4
2895,out_of_sample,23,4,0
2896,out_of_sample,23,4,1
2897,in_sample,23,4,2
2898,out_of_sample,23,4,3
2899,out_of_sample,23,4,4
2900,out_of_sample,23,5,0
2901,out_of_sample,23,5,1
2902,out_of_sample,23,5,2
2903,out_of_sample,23,5,3
2904,out_of_sample,23,5,4
2905,out_of_sample,23,6,0
2906,out_of_sample,23,6,1
2907,out_of_sample,23,6,2
2908,out_of_sample,23,6,3
2909,out_of_sample,23,6,4
2910,out_of_sample,23,7,0
2911,out_of_sample,23,7,1
2912,out_of_sample,23,7,2
2913,out_of_sample,23,7,3
2914,out_of_sample,23,7,4
2915,out_of_sample,23,8,0
2916,out_of_sample,23,8,1
2917,out_of_sample,23,8,2
2918,out_of_sample,23,8,3
2919,out_of_sample,23,8,4
2920,out_of_sample,23,9,0
2921,out_of_sample,23,9,1
2922,out_of_sample,23,9,2
2923,out_of_sample,23,9,3
2924,out_of_sample,23,9,4
2925,out_of_sample,23,10,0
2926,out_of_sample,23,10,1
2927,out_of_sample,23,10,2
2928,out_of_sample,23,10,3
2929,out_of_sample,23,10,4
2930,out_of_sample,23,11,0
2931,out_of_sample,23,11,1
2932,out_of_sample,23,11,2
2933,out_of_sample,23,11,3
2934,out_of_sample,23,11,4
2935,out_of_sample,23,12,0
2936,out_of_sample,23,12,1
2937,out_of_sample,23,12,2
2938,in_sample,23,12,3
2939,out_of_sample,23,12,4
2940,out_of_sample,23,13,0
2941,out_of_sample,23,13,1
2942,out_of_sample,23,13,2
2943,out_of_sample,23,13,3
2944,out_of_sample,23,13,4
2945,out_of_sample,23,14,0
2946,out_of_sample,23,14,1
2947,out_of_sample,23,14,2
2948,out_of_sample,23,14,3
2949,out_of_sample,23,14,4
2950,out_of_sample,23,15,0
2951,out_of_sample,23,15,1
2952,out_of_sample,23,15,2
2953,out_of_sample,23,15,3
2954,out_of_sample,23,15,4
2955,out_of_sample,23,16,0
2956,in_sample,23,16,1
2957,out_of_sample,23,16,2
2958,out_of_sample,23,16,3
2959,out_of_sample,23,16,4
2960,out_of_sample,23,17,0
2961,out_of_sample,23,17,1
2962,out_of_sample,23,17,2
2963,out_of_sample,23,17,3
2964,in_sample,23,17,4
2965,out_of_sample,23,18,0
2966,out_of_sample,23,18,1
2967,out_of_sample,23,18,2
2968,out_of_sample,23,18,3
2969,out_of_sample,23,18,4
2970,out_of_sample,23,19,0
2971,out_of_sample,23,19,1
2972,out_of_sample,23,19,2
2973,out_of_sample,23,19,3
2974,out_of_sample,23,19,4
2975,out_of_sample,23,20,0
2976,out_of_sample,23,20,1
2977,out_of_sample,23,20,2
2978,out_of_sample,23,20,3
2979,out_of_sample,23,20,4
2980,out_of_sample,23,21,0
2981,out_of_sample,23,21,1
2982,out_of_sample,23,21,2
2983,out_of_sample,23,21,3
2984,out_of_sample,23,21,4
2985,out_of_sample,23,22,0
2986,out_of_sample,23,22,1
2987,out_of_sample,23,22,2
2988,out_of_sample,23,22,3
2989,out_of_sample,23,22,4
2990,out_of_sample,23,23,0
2991,out_of_sample,23,23,1
2992,out_of_sample,23,23,2
2993,out_of_sample,23,23,3
2994,out_of_sample,23,23,4
2995,out_of_sample,23,24,0
2996,out_of_sample,23,24,1
2997,out_of_sample,23,24,2
2998,out_of_sample,23,24,3
2999,out_of_sample,23,24,4
3000,out_of_sample,24,0,0
3001,out_of_sample,24,0,1
3002,out_of_sample,24,0,2
3003,out_of_sample,24,0,3
3004,out_of_sample,24,0,4
3005,out_of_sample,24,1,0
3006,out_of_sample,24,1,1
3007,out_of_sample,24,1,2
3008,out_of_sample,24,1,3
3009,out_of_sample,24,1,4
3010,out_of_sample,24,2,0
3011,out_of_sample,24,2,1
3012,out_of_sample,24,2,2
3013,out_of_sample,24,2,3
3014,out_of_sample,24,2,4
3015,out_of_sample,24,3,0
3016,out_of_sample,24,3,1
3017,out_of_sample,24,3,2
3018,out_of_sample,24,3,3
3019,out_of_sample,24,3,4
3020,out_of_sample,24,4,0
3021,out_of_sample,24,4,1
3022,out_of_sample,24,4,2
3023,out_of_sample,24,4,3
3024,out_of_sample,24,4,4
3025,out_of_sample,24,5,0
3026,out_of_sample,24,5,1
3027,out_of_sample,24,5,2
3028,out_of_sample,24,5,3
3029,out_of_sample,24,5,4
3030,out_of_sample,24,6,0
3031,out_of_sample,24,6,1
3032,out_of_sample,24,6,2
3033,out_of_sample,24,6,3
3034,out_of_sample,24,6,4
3035,out_of_sample,24,7,0
3036,out_of_sample,24,7,1
3037,out_of_sample,24,7,2
3038,out_of_sample,24,7,3
3039,out_of_sample,24,7,4
3040,out_of_sample,24,8,0
3041,out_of_sample,24,8,1
3042,out_of_sample,24,8,2
3043,out_of_sample,24,8,3
3044,out_of_sample,24,8,4
3045,out_of_sample,24,9,0
3046,out_of_sample,24,9,1
3047,out_of_sample,24,9,2
3048,out_of_sample,24,9,3
3049,out_of_sample,24,9,4
3050,out_of_sample,24,10,0
3051,out_of_sample,24,10,1
3052,out_of_sample,24,10,2
3053,out_of_sample,24,10,3
3054,out_of_sample,24,10,4
3055,out_of_sample,24,11,0
3056,out_of_sample,24,11,1
3057,out_of_sample,24,11,2
3058,out_of_sample,24,11,3
3059,out_of_sample,24,11,4
3060,out_of_sample,24,12,0
3061,out_of_sample,24,12,1
3062,out_of_sample,24,12,2
3063,out_of_sample,24,12,3
3064,out_of_sample,24,12,4
3065,out_of_sample,24,13,0
3066,out_of_sample,24,13,1
3067,out_of_sample,24,13,2
3068,out_of_sample,24,13,3
3069,out_of_sample,24,13,4
3070,out_of_sample,24,14,0
3071,out_of_sample,24,14,1
3072,out_of_sample,24,14,2
3073,out_of_sample,24,14,3
3074,out_of_sample,24,14,4
3075,out_of_sample,24,15,0
3076,out_of_sample,24,15,1
3077,out_of_sample,24,15,2
3078,out_of_sample,24,15,3
3079,out_of_sample,24,15,4
3080,out_of_sample,24,16,0
3081,out_of_sample,24,16,1
3082,out_of_sample,24,16,2
3083,out_of_sample,24,16,3
3084,out_of_sample,24,16,4
3085,out_of_sample,24,17,0
3086,out_of_sample,24,17,1
3087,out_of_sample,24,17,2
3088,out_of_sample,24,17,3
3089,out_of_sample,24,17,4
3090,out_of_sample,24,18,0
3091,out_of_sample,24,18,1
3092,out_of_sample,24,18,2
3093,out_of_sample,24,18,3
3094,out_of_sample,24,18,4
3095,out_of_sample,24,19,0
3096,out_of_sample,24,19,1
3097,out_of_sample,24,19,2
3098,out_of_sample,24,19,3
3099,out_of_sample,24,19,4
3100,out_of_sample,24,20,0
3101,out_of_sample,24,20,1
3102,out_of_sample,24,20,2
3103,out_of_sample,24,20,3
3104,out_of_sample,24,20,4
3105,out_of_sample,24,21,0
3106,out_of_sample,24,21,1
3107,in_sample,24,21,2
3108,out_of_sample,24,21,3
3109,out_of_sample,24,21,4
3110,out_of_sample,24,22,0
3111,out_of_sample,24,22,1
3112,out_of_sample,24,22,2
3113,out_of_sample,24,22,3
3114,out_of_sample,24,22,4
3115,out_of_sample,24,23,0
3116,out_of_sample,24,23,1
3117,out_of_sample,24,23,2
3118,out_of_sample,24,23,3
3119,out_of_sample,24,23,4
3120,out_of_sample,24,24,0
3121,out_of_sample,24,24,1
3122,out_of_sample,24,24,2
3123,out_of_sample,24,24,3
3124,out_of_sample,24,24,4
